0.003917746134519003,0.005430434596680146,6.114287650772745E-5,0.002855784192936019,0.011104839530939239,0.01130969847906544,0.0036759754258370693,0.007951727723137573,0.004765023144723415,0.011465293781064822,0.011287356701524547,0.012709670160716701,0.002544205733019043,0.004756838289348645,0.002906496115751722,0.003657701878756001,0.013386124737780182,0.01357299550670303,0.004481971084200209,0.009476681823428307,0.19212687028939981,0.19263468989281143,0.2072453677800466,0.21115844766296737,-0.06133089068173179,0.09684288502345144,0.36871997745383,0.36871997745383,-0.025266133352908712,0.026972479478705555,0.03526583844696306,0.036377040225028634,0.017566306096145443,0.017970127064764505,2.0958868222675523E-4,0.013481750747936939,0.21667441211332675,0.21667441211332675,-0.2042409281409206,0.22199077817060148,-0.038742867693504796,0.13404134610940663,-0.3299597322035355,0.4736113958877454,-0.05141447945079468,0.05305131831255154,-0.03229148828589209,0.04057677921250684,0.002181292417423482,0.003658682866228035,-0.006227127862925521,0.007195973198253502,0.012375477236092261,0.014709117346459058,-0.011595665096788887,0.019535283367201475,0.010642195491871597,0.013406255508289304,-0.009906033406724222,0.013913161188435018,0.002003775437200787,0.002940849775693189,-0.0029981537758915324,0.003223896407359556
0.01889811021529316,0.020237949005559402,0.010650950047490945,0.010962219100265503,7.388257341964441E-4,0.007465818254420332,0.007394385960097588,0.011360092261603347,0.004539222124499112,0.01167878715715186,0.002853930571995719,0.00956800853135623,-0.002766117416882614,0.00376272925315624,0.0055757467176278976,0.006729793923439955,0.02220803121840982,0.02341426136023695,-0.07923106463559913,0.0820875062102729,-0.0521209617461626,0.14797915119531904,-0.2830967595091299,0.2870472712626197,0.09665541387415784,0.3342861025187536,-0.23757177222194176,0.3048158931476023,0.013741421941454309,0.01850889382898509,0.0036649431194152107,0.012344153919818343,0.014113316591669683,0.01797471275370761,0.06357245015542126,0.08206832763795037,-0.06658921969225153,0.13996757938381374,0.2183552537494386,0.3938292826823902,0.2654717526573964,0.2669078692437434,0.26240391220037734,0.2763564245289701,0.003940438015639997,0.011018290850643596,-0.0016165154993167971,0.012718539003853382,-5.954600791667289E-4,0.005840548796839916,0.0035436157476312056,0.004755188088081875,0.005229937665794,0.009579237170752127,0.0035870507581759426,0.016563777250086537,0.002085211374231037,0.009453290405890427,3.073421791659787E-5,0.010166596385865818,-0.001082215879136792,0.003593297763927551,-0.001714346097869544,0.0037025802466501027
0.04085444271017109,0.0410274029138114,-0.034516154151699445,0.0347893185800047,0.02760307566624579,0.050861538791792844,-0.049670286159984804,0.12933369653721855,-0.00986279604824385,0.03090876100418207,-0.0732381700276215,0.11334235437154694,-0.01991604193146601,0.023984142094345195,0.003441807570362276,0.028907908362342354,0.008968709360270423,0.018029682857602966,-0.02244520807344247,0.024367208403431262,0.2061906717698998,0.2150296945671593,-0.10133927077397513,0.3234577638427139,0.02291130568967972,0.25410686235937935,0.07797998547554813,0.42786320284117924,0.0669869760467287,0.10455243435318544,0.007715750269780545,0.0449523701976598,0.00725326312378149,0.011098272608036712,0.0013060902045422401,0.007430289444129707,0.2986432578014711,0.2987980937502984,-0.10873043380814323,0.12643624032404074,0.11098929524482501,0.32717829767665085,-0.002771492168586668,0.3071901958046926,0.03738750822736985,0.09089537255434615,0.027062449322061193,0.052313673787731475,7.667523749100555E-4,0.0024386172098258135,1.428829600561159E-4,0.0023865924389878737,0.007986607355129332,0.010102021001379989,-0.0033497051295046792,0.01715883599537228,0.07192978021813407,0.07309840933955791,-0.1079078871836234,0.10986912575601138,0.004013634757904944,0.019542892815335212,-0.03976678065184264,0.060474085267993215
0.00220623354788341,0.003471283883012008,0.0030953396333796446,0.0034161422908305815,0.09683638101474566,0.13779390705112665,0.06085881638341473,0.06407750321532113,-0.1152350428791817,0.11567314007642268,0.15968322340777852,0.15984918974532997,0.001989264328478323,0.010505548719418004,0.00958508596175354,0.012513926269281203,0.07169259237012558,0.07860407340980467,0.0063019139149667865,0.020126201136917335,0.18133887912026753,0.3386876980212058,-0.03332861786709706,0.19905454325105607,-0.011491465789576912,0.25719363911991894,-0.1262289153293769,0.3011346088837439,-0.01373554492649683,0.11847958959868242,0.099881041266212,0.106660430576335,0.10122124213493895,0.1037722312276481,-0.018907752751270893,0.020974876942484528,0.06019923552656815,0.41531624791519917,0.06942979287656556,0.21597060857183462,0.12853638005002327,0.1964969001448857,0.15680256159795464,0.1846393130783124,-0.045689207528892016,0.05728753881249354,0.02499658336248492,0.03997122164940255,0.011492010985376016,0.012831049523495758,0.019358776359047123,0.022872333033633757,0.07226558115783085,0.09018051085799872,-0.07925769293098339,0.17899397715989276,0.0020573005633046644,0.037938227063666285,-0.13710127712567532,0.1735229783280316,0.003328598461569649,0.018673575464013298,-0.03498587196256684,0.039435079969440776
0.0027502064483499737,0.0041771801806131156,0.0037333795609388555,0.004695720143459848,0.10641084455387584,0.10641084455387584,0.03910803162971552,0.050766995700683146,0.009592269717252511,0.044554009459744776,-0.06606528957700927,0.10641710597440453,-0.0021404749112868223,0.01625538766979488,-0.032500217223988714,0.042887185767524504,0.019089878543320282,0.024416375232665932,-0.0026293951253403415,0.01921119669112608,0.16151283409637693,0.3659113443928916,-0.08205227256275167,0.2172865019311552,-0.048728974165785324,0.33765542012238164,-0.052828416112871944,0.3665179171660574,-0.06987373504622414,0.07329800397834611,-0.011628399769259171,0.05195922804539864,0.06303992322442169,0.06426843402364205,0.019627465105935972,0.02689881551025675,0.026561259030404235,0.2611540072722759,0.09587858761599954,0.3213293283473709,0.022277089554190707,0.29647864594180146,0.1659310482542805,0.31389812043835247,-0.09474638136913853,0.09831301141623039,-0.012794258411401837,0.03254000775885599,0.029232458040096,0.030377259281889644,0.004856898305487122,0.010002279664270697,0.019414530301395484,0.07909825564382651,0.008302406054878,0.12231002641759425,0.003611204329175683,0.08456544461704853,-0.05697307437866716,0.09451793201896928,-0.033859809050600945,0.03479257280669552,0.002578537308421838,0.015205265752083426
0.004270178200864613,0.007575302703386516,0.0021473155312685976,0.0065968963035542985,0.021958848507893463,0.025171276190413205,0.001583885561102681,0.01001334983384958,0.005991628771364769,0.013833758969078945,0.0040394409465691885,0.01569555506530352,0.002828008822966619,0.004784312874337023,0.0022975075399984286,0.004906666454822917,0.020574241782024247,0.02266946921008181,0.016432148151586005,0.02150973016519526,0.20909200890158824,0.20981243898447158,0.2212652883102291,0.2212652883102291,-0.0980654213203424,0.1290835147504991,0.29304362885533647,0.29313043051370596,0.007974779141836367,0.01710809086980137,0.014334220037264828,0.01854957867763955,0.016719059478940347,0.022778587959028394,-0.01235632968716594,0.022472564894601386,0.26254901722987006,0.26254901722987006,-0.20438425297908225,0.22069579193130284,-0.10590563447400564,0.2957349146731245,-0.22473331615765932,0.4789416525078889,-0.009410724507596786,0.015663643454051707,-0.006930851580155404,0.00972090333057927,0.0013544181580760354,0.0045457814738458615,0.010661208545413775,0.010661208545413775,0.018217665467475816,0.023151811129397064,0.002054156222995913,0.034131180726682815,0.008858784369501629,0.01407860545045017,-0.007634627626216746,0.014779973442904049,0.004232225842866842,0.00684908914121127,0.004115921184096957,0.005619247715819571
0.0,0.0,0.0,0.0,-0.045337668511906605,0.045337668511906605,-0.08347621827359837,0.09288903045542865,0.03496351922380414,0.08781359709139647,-0.05016882449569161,0.07143304904880832,-0.005235153804185642,0.026621640033964184,-0.003612555007495967,0.0060118256011657024,0.0,0.0,0.0,0.0,0.15422934362284,0.15725853807073661,0.19990359842804314,0.2863890855087609,0.11517275996154375,0.17756267990370633,0.34185388039399317,0.34248615579487296,-0.06682923845375179,0.06834014379039145,-0.016089522110080464,0.019365004425536902,0.0,0.0,0.0,0.0,0.19174730159882789,0.19416213171419092,-0.248847555090799,0.2509882780634595,0.07162923742220319,0.2346098519744169,-0.25846609184459923,0.3858944561380942,-0.06455175098954165,0.06455175098954165,-0.012070759054430424,0.015414461240649371,0.0,0.0,0.0,0.0,0.0033331041029571198,0.008436061796810784,-0.010832912986375337,0.01656037528493063,0.08295007265419704,0.10865734978892023,0.0024743903645776406,0.01610631073293278,-0.01216647501933699,0.01222746888403275,-0.0011598253808732942,0.0034061279177872834
0.014180450783785452,0.01693408020807998,-0.030160664898447397,0.031720993166076746,0.022725684440686452,0.025188815607401924,-0.06320869933693592,0.06811664337270557,-0.034938533996369994,0.040104537709784754,0.03669796143515012,0.03965743217163351,0.011406026286335752,0.027644457318944483,0.008342149341655414,0.012754922509870786,0.044185803330289736,0.05725645697983125,-0.048059810376591426,0.05125172672968721,-0.00717890215911726,0.3461104913542902,-0.04488690979927651,0.3173454565991722,0.2745568954184909,0.3285037412733088,-0.1740054581936139,0.19461306796162878,-8.423742915300153E-4,0.03021617640247798,0.007528172287285913,0.012380088135018738,0.02266350240355575,0.02612046110157104,-0.013323959876415463,0.02144525249172103,0.1491958251558899,0.3351902141320327,-0.05696352541527354,0.2729543605112101,0.2736152469339075,0.28382754713791364,0.18161356746889537,0.2118670187240379,-0.009164089388077579,0.015671294727848013,0.0044557035635575054,0.011271457633949778,0.0012526572235350118,0.0036353164638012595,2.4368351163258693E-5,0.0033225980207776335,0.14956477791643272,0.14966113745355558,0.006403026028356219,0.036509674066021604,0.005176116413421262,0.017124063759118367,-0.02094422426859665,0.025311770929678026,-0.005470206232404609,0.005470206232404609,-0.004280382924356805,0.004280382924356805
-0.007697451566446934,0.00970041865000494,-0.03218108570953989,0.03494481801224049,0.0313322884874135,0.03623532062707006,-0.08689388975301827,0.08807065592258245,0.08007132876016429,0.08007132876016429,-0.03781796428210293,0.04513068825892636,-0.007761169177343865,0.009078275673383917,0.0026034739546366772,0.005100805684292878,7.937218924302942E-4,0.00927282903064892,-0.032062000335517434,0.032062000335517434,0.21818252221231946,0.2201793386277531,0.031240530088444234,0.16774769423213692,0.15683871716936074,0.3661914586657995,-0.04835600807417569,0.334098088504458,0.04633692117869145,0.060618115947697365,-0.008590337562916162,0.014947579773030871,0.0015422423354836835,0.007356275873202979,0.004435353602305025,0.016279946624194023,0.32842497715339347,0.33026202070364263,-0.0454805124109539,0.11776265129971239,-0.033333510055999396,0.37250253525853777,-0.068555968415221,0.23882837465214077,0.09633979220858174,0.11531615876622248,0.0035837873294781246,0.016135941535387492,0.004470283267025831,0.006295408858621102,0.006793876698403855,0.008386098314505788,0.14700500802558403,0.14700500802558403,0.09939146232892088,0.10062195545515326,-1.79975686309221E-4,0.042776078646496914,0.13096064061461918,0.13127831929249445,0.003395050394616915,0.009092390300415353,0.002441340728230284,0.00445638996164137
-0.001277506063273735,0.002949801074559526,-0.001765485445842141,0.004118977252769177,0.044726441784599204,0.04565347023290146,-0.008736895932085592,0.02468172886792375,0.04719669477179172,0.13044258306930936,0.003210250508274028,0.09613596103342971,0.003378303615734877,0.042817674801065235,0.016318984563601594,0.046365118061315824,-0.0031784711184450975,0.008984483504440314,0.0031429433099907137,0.008305712213422266,0.11120867068792538,0.11924151940215458,0.08248262878822755,0.12116509733828562,0.21744963789372848,0.3636302881531221,0.12111252333894401,0.4832680242480783,-0.07075052880129468,0.10826766339902673,-0.06571127071646285,0.13985725000036178,-6.462690154289586E-4,0.007051032986144237,-5.755087431255157E-4,0.00667324610301229,0.23141130306120494,0.23192619751185736,-0.06749438249591677,0.1370865947611617,-0.04970763932671647,0.2942256275043492,-0.1064626186274303,0.3839756081311343,0.07890985704936887,0.10278791692231763,0.0735868552148279,0.0994157232543829,-4.927354662146378E-4,0.002106662438869128,0.001416643085313314,0.002901131279747793,0.010838184689959686,0.01550839652016301,-0.0028795609990299874,0.00953790072019627,0.10264122016328182,0.1068979645445957,-0.052183217461619656,0.07788528611907905,-0.024824405310715045,0.027573095135870848,-0.028352811068987658,0.042189953571656884
0.033463598973872584,0.03351672193965602,-0.006021959651025194,0.0158422346189411,-0.006848636056244469,0.11891709852797996,-0.020643370686932273,0.10142161750127496,-0.004944767429267103,0.13202681378206502,0.0019087460546453156,0.10078960738109469,-0.016323224315225784,0.017129783172992494,-0.009145612162758231,0.012593981917195443,0.03580069133075027,0.040439250567162854,0.016394255504433148,0.03376934490144491,0.12553571831517996,0.402116839797076,0.04798724541024091,0.32662624845608146,-0.1033704413726391,0.33197575337076535,-0.02771830909509444,0.32342596636309096,0.03496398590226256,0.06927718244256738,0.09766710685028482,0.10957737535302774,0.06554582479758307,0.06611302459915999,-0.020991206762278548,0.0372612994620117,0.028841840058136736,0.2737332339378812,-0.1178604784861678,0.3136299445912237,0.13279396945979682,0.22293870810339192,0.1276467373451581,0.23159280026377868,-0.08129749306097853,0.10381766233353115,-0.067568723553428,0.07922406342125499,0.0029183736477533047,0.004620653146806603,-0.0012398891617549826,0.003756588588417504,0.0668964465818205,0.06914587849650541,-0.05261066548984068,0.05305701875305823,-0.011168278157579987,0.07226405432655097,-0.08197100952925124,0.0864754044530952,-0.018095881910978863,0.019351900043603057,-0.013852341920353227,0.014653673599762036
-0.017479768206246464,0.017511167987092156,-0.002485690073234401,0.004041494880645629,0.001092601654817332,0.0067115300335149905,-0.007099723253102647,0.009500629276288464,0.11215051121039915,0.11246743020747507,-0.013346486527950271,0.02823079758185402,-0.00550134407195327,0.016020259050309956,0.012050632126438926,0.03230800546033497,-0.036969390353594436,0.03722506795042013,-0.012706846419811534,0.013889479222480834,0.15040667486566778,0.16315908935847895,0.11899746752832173,0.14066147168803583,0.08749718847246868,0.19126776611706758,0.3001198036368487,0.4802325553711768,0.02187856111078599,0.03630904837014145,0.045231503900507904,0.22303030965947124,-0.01901998122828271,0.02213273979104905,-0.0015866902167904753,0.011621472369351937,0.21446672141044948,0.22181386230012173,-0.13389058026465464,0.1455816182240771,0.10604549465674476,0.2338265627839112,-0.27318676265442604,0.34490626035042005,-0.0265581019411734,0.040763716759330305,-0.030038314658598606,0.23022600158996984,-0.0010601873042205953,0.0038791823856199827,-3.259410225301519E-4,0.004900589663968542,-0.003310076802798526,0.009459275454451667,-4.1104373716788873E-4,0.008417049734435312,0.0484622260157446,0.0484622260157446,-0.024851148997306605,0.060407084380404055,0.023683557580774776,0.02406344563478396,-0.03033158405252781,0.06600846506662818
-0.002777044672114394,0.027743256016880265,-0.027138426729714,0.0459803495238817,0.03523566335278997,0.07826776377036686,0.010231382506337424,0.1288128813134986,0.003968714425819903,0.0366584516649702,0.05086352032823107,0.15829722307394056,-0.001876984135171811,0.010801033754797308,0.0117527758783749,0.03864880198568696,0.0016086122389706574,0.009203775088101399,-0.01690637905229336,0.02251327634157938,0.16658540112008374,0.18152494624404847,-0.12851316214760694,0.2987732816867299,0.12398997511967268,0.3022256066406195,-0.008705713259121221,0.3611319234289978,-0.05959690709451282,0.10696376176797734,-0.04589460112002645,0.11877893507089021,0.004915926717447497,0.010190279800028719,0.0037816764350810787,0.008110359581015468,0.24029891940141054,0.24281855287085916,-0.02459919332896726,0.17148419806859905,0.008485293002759313,0.2722856528406137,0.027730703213367014,0.41043766052939057,0.0059713958290503995,0.10116470811136177,0.021549656622606304,0.1514667564499471,0.0035815209762435816,0.004232041242112904,-2.805913814751972E-4,0.002904856850546019,0.09136369937143483,0.1112325801066148,0.06190669352287411,0.14168834424725357,-0.046378450826085535,0.0858419473699566,-0.08076144789578195,0.13844381864143745,-0.013337994110982946,0.017526746085660284,0.004017657561966326,0.03681892598495875
-0.004966258137865197,0.0066963998159691495,-0.014849141346490865,0.01492536169060188,-0.00527312043616499,0.011220913488419951,-0.006585849654591298,0.013022379742649288,0.001236096914319134,0.0083146778194145,-0.0014412746406392962,0.007800487815072944,8.61183087710846E-4,0.0033607326255863375,0.00524716951932045,0.007048512835927899,0.002865764732517628,0.008240975519533785,-0.002610321906809847,0.006455240382560219,0.10656086701283779,0.1135383918881437,0.12827509524305564,0.13955028268630898,0.16417914900192832,0.17183214925926577,0.40819443750908635,0.43132708186441643,0.02189070746018226,0.06349017219441004,0.07411042419345673,0.13409164325732442,0.0031058396486280224,0.010109600064201682,-4.719831529032524E-4,0.00706024766174379,0.169439550880186,0.17291410627051015,-0.12342829214352624,0.14440431797997016,0.010276901974585428,0.11722577385067166,-0.3914273732807869,0.4055507287205119,0.005401452860668982,0.07897832047759418,-0.05550144995213486,0.11332385889731698,4.932275652893895E-4,0.0028725765073800186,-5.245117041731185E-4,0.0015236764222946644,0.032714931255941715,0.03580447003226795,0.023366109083998228,0.02429569259494015,0.06099094077482897,0.07358584606979389,0.11620728344757465,0.14905672311143095,0.008052713545679912,0.022236739584070162,0.018448461757721652,0.06025180420354549
-6.710372015391573E-4,0.002654186781650107,0.0021470454695439564,0.0027547442396743532,0.039324151129402456,0.042602057444909414,0.038950597668667514,0.04306132557311959,0.03428792842872161,0.052650767859740134,0.08194428160712869,0.18216537791781304,-0.007076501080546725,0.011454059219686334,0.021895006589433032,0.06771717708175713,0.0011444869477199465,0.006082789338845438,-0.0036292342538890503,0.007229490384190305,0.3165245384714698,0.3178161965861811,0.04688938539904074,0.08839523677125458,-0.10011962507360657,0.14817407673764524,0.02991770195976852,0.32017775217127414,-0.02190079288599453,0.033584873305871725,-0.02505065389310064,0.166230420804948,0.027254489332441425,0.031958337064817925,0.04644834571828889,0.052698543093782614,0.17107542083307198,0.2472580975614771,0.08006850728201141,0.3375502425105665,0.03284856300539015,0.078828669509446,-0.09567518107269737,0.5020376703847771,-0.047660415273347086,0.05012411909560596,-0.02672528858111843,0.15415998324507327,0.028390670607360786,0.028606794022029886,-0.021091310525879252,0.021461216262331703,0.021261701225868374,0.05753095578794904,-0.03177731181247485,0.10340324615645302,-0.003976839820350494,0.025716877992881065,-0.03723780536104551,0.17081879540939165,-0.02446650198726261,0.025026912187017712,0.0016346213135734454,0.043793901921489464
-8.427286505571508E-4,0.0036706439158730106,-0.004155529070679296,0.0046124888790892065,0.016531413352373233,0.021848622671679637,0.013725322406287037,0.016582248842082252,0.04673403066386509,0.13264203574088837,0.10223792317379089,0.10223792317379089,-0.026068328176838365,0.027782318587127843,0.025704893836629893,0.02685973100209372,0.0011359303516196336,0.00942459239033264,-0.0039986701489780375,0.01193156104213322,0.3599434288636385,0.36416281082765484,0.05897377717979033,0.09682157288477353,0.01836556764973025,0.25934140941383377,-0.015321586614508947,0.22465396197691248,-0.056607277727397536,0.09412435345961112,0.04603738490111432,0.06788574482937003,-0.0011846465733185796,0.01160061153977903,0.01965947650829773,0.019943141616300633,0.26495345962346845,0.30450618149733266,0.10685991030257463,0.29048732821545786,0.0818911770663509,0.16793343417075018,-0.1903300748791836,0.36106958629704444,-0.016549771670142648,0.05875438917481387,-0.021662279671875947,0.06694584508752763,0.034909358452997405,0.034909358452997405,0.015034966673831356,0.016564525691984366,0.01753554158980243,0.06758003718553056,0.008271159152945665,0.09545878213984285,-0.051598221344255284,0.0798981258368288,0.10420594641404629,0.18003283739218245,-0.0011919232983804535,0.03746901622942008,-0.015077835101724614,0.04560870277649793
1.70216768661767E-5,0.0026240624625300424,0.001900032200585349,0.003095025527749038,0.0638927146242352,0.06470595882632856,0.028349165089720522,0.06087875924415567,-0.0034983036120578384,0.04673272243045779,0.05528121773680368,0.17251170975439492,-0.00215238754950758,0.024241892265792712,0.014113538241831635,0.04121273757947828,-0.0016257732930267694,0.009978248781531824,0.0034936867077914923,0.011333065481521293,0.3474401771485039,0.3530115970953727,0.012436180317996256,0.07548767511513856,-0.1174967655389974,0.16236918562406744,0.014144107642476412,0.38533453031268106,-0.030748921730041307,0.04018414906359564,-0.0207146684216509,0.15671485034069804,0.017081104254301725,0.02539922720474742,0.009870426679480635,0.01715385970850372,0.1677213866445004,0.20230121340544796,0.10613412545519206,0.2821434957300259,0.03481065123374914,0.09036441480713196,-0.1506393593311138,0.45974622729126635,-0.03147664412878123,0.04841730855420292,-0.01678533071484826,0.14761028933728595,0.01823958806718779,0.019488743791026632,-0.004168140522949761,0.007392362591951247,0.038329221172723936,0.04397783420657216,-0.05695412731601658,0.11537873835712874,0.001784493606972373,0.021649122872628893,0.012318093107909505,0.16102258688125323,-0.016682261192456978,0.017864896807880424,0.022383941297820627,0.05813401323313712
0.0014257245080539528,0.0027069878339117206,-2.546956437333081E-4,0.0026974197581605378,0.057563173239743755,0.13001935959979963,0.023284658470190366,0.07238073469774377,0.011286676872058053,0.09591645792583693,0.039308734322590536,0.06719335876506574,-0.011598592115583575,0.04633666101823342,0.009062394318672076,0.021929355038677552,0.0011596441093160244,0.004650052317619736,0.007664640590584244,0.012612394954194162,0.2448551312344756,0.24738991388162462,-0.03319693186405871,0.24567983747931044,-0.02764110992440946,0.14625864921325246,0.11470078004934466,0.4812712962688934,-0.012150153486784823,0.08390866953246295,0.050207722498067216,0.12106571512093699,-0.002834435024243485,0.013858893502833028,0.0014434600328680114,0.009672075635578913,0.33436454304018837,0.3420734745391394,-0.059975351550056594,0.08663860740725551,-0.05771725040351892,0.1870940616324567,-0.04181677082506408,0.33900472760299893,-0.03319957434042962,0.03727861542008131,-0.021940451301222897,0.17420064824351808,-0.0023740374957275864,0.005858997948081557,0.002238358181663317,0.0047858931214599006,0.050040198969921054,0.05379447258112944,0.016109410556765257,0.05629643263206206,0.02788527405457061,0.038191991059600736,-0.07246605087043545,0.17884544455883433,-0.005691019325157031,0.007819266717372781,-0.02666245477498532,0.06230325550953584
-0.006498599189147087,0.00859763827042782,-0.0012071539533144297,0.0032222831224787557,-5.510033065678991E-4,0.00861631343179385,0.008724363373159705,0.014686063262018838,0.003010980045193676,0.028483016957646688,0.06250605607837918,0.06347594514187593,0.014407083629793262,0.01607316293376014,0.028486918581268755,0.029199656748937177,0.01744451774107823,0.03761767392077455,-0.0013018979998031162,0.020980465584773098,0.025744982302190782,0.34946375307871325,0.10292471529157356,0.2833803698437648,0.09928282414446069,0.30098327112141643,0.005758590495422355,0.31248530303877564,0.02110597008178372,0.07596936931372752,0.03893550255062401,0.10669657963915462,0.010960821885320916,0.022710749196265756,0.013279779882626758,0.015002841803697977,0.016178567310738395,0.4520276652213716,0.09739238851510253,0.13364327647353616,0.07418986811587565,0.40404081406682174,0.00899540589864481,0.2941516813778471,0.06305582991356296,0.09446409374246051,-0.07379675857152788,0.08851911977757121,0.019767123474730083,0.022071905143711233,-0.002173565170930722,0.00812909691860399,-0.037155462155365644,0.10935730696067099,-0.0825596430827413,0.09058742073376218,-0.02362201366336482,0.028877933858839192,-0.07054654086782182,0.0727156928830439,0.0015756773866504412,0.005714206386440347,-0.0017411579454141176,0.002792421542401536
9.840931460976155E-4,0.003647651584857058,0.002071777132086571,0.00484037813828383,-0.0074709701297379725,0.013961539606258228,0.006114598216733958,0.010093728214678946,0.05069017479929419,0.055939207553973594,0.08321364772618305,0.08338120470298757,0.018231473218817098,0.04839789306048968,0.01395524409435436,0.040638764584765986,-0.027875662475386552,0.03200078296169371,0.012485687432905568,0.021485188886686716,0.15072885508121436,0.15791814061292808,0.10699065277046951,0.12041273476916921,0.11750934026564985,0.3742975877398005,0.03748009179255499,0.3719918636121385,0.050712559932675316,0.16508661154831186,-0.027811029658540848,0.1062487969200923,-0.08404279398703063,0.10442819459262304,0.04686489105951949,0.058810842753039785,0.216403273631796,0.23164178871207117,-0.09842387873815321,0.15394741026912448,-0.04344664939096302,0.43997573620796987,-0.021718172811595465,0.3455871428111342,0.056198509465011315,0.18761651458604212,-0.001990318654136266,0.08065894139541377,-0.009639580263514573,0.04217022642405258,0.0034971077601026242,0.023157638766715356,-0.035223171979335846,0.03931023995806231,0.027950099656297626,0.028321884882192404,0.11693822594895378,0.12347197419233902,-0.037891130708170545,0.056943150442655424,-0.05138973576921342,0.05167580638779567,-0.004596124607083612,0.02041676134652936
0.008336835808202344,0.00879159493257326,-0.001108421333395005,0.004241726253493399,0.015588579043744099,0.09729044632787917,-0.09667277172292012,0.16170338617514693,0.007067723266690902,0.05074418408897072,-0.08089873248570636,0.11138899947600356,0.017585030653665856,0.03980792492451268,0.02699945886454545,0.04817974141938231,-2.748645384155064E-4,0.007907566466692698,-0.0025510678680985923,0.007646197999024401,0.1516010766806795,0.15456488151320527,0.09766593331136994,0.12420701454306111,0.14591774934090743,0.3665819153319816,0.1374804591449039,0.43321220340388,-0.019100235638440526,0.11447481317648031,-0.021679960870653416,0.13640177935185863,3.060997818122308E-4,0.009688399905953245,-8.327543170129539E-4,0.008524328261041525,0.18551265796839217,0.19154769066053035,-0.0922117211911216,0.11474985682806571,0.05583898662283786,0.37083769515217013,-0.07416482809544411,0.37465524422321755,-0.019249972288723355,0.1183095592448939,0.016423491814834677,0.09823546493109521,8.628075890766077E-4,0.002639285881135451,-8.623199965876313E-4,0.002801916834882842,0.07279315162423011,0.07279315162423011,0.04669810750834558,0.11005217836877863,0.03718532025908859,0.06409424649708285,0.018626909116037954,0.15316726933393024,-0.007367503617230732,0.017062504179840673,-0.02278630237410162,0.05045668090595893
8.83824599212038E-4,0.002410675083728398,0.002048713176131329,0.004130193102599532,0.10270345464342222,0.10734826176257012,0.00547258289545796,0.030565713958457506,0.035416453478841904,0.10502563032973725,-0.01587506039528216,0.09022306770041133,-0.026793496848994208,0.03579534724120939,0.008457480532094738,0.040419321623026826,8.596408183351271E-4,0.004479005372954041,-0.001790104069455017,0.010137918874127377,0.2210255544447469,0.2271564882081196,0.07372713008532653,0.1396276201586297,0.13708215700281193,0.3012071977223449,0.11173923247094415,0.3368364413571234,-0.06131386009713022,0.08858141046027208,-0.054573210897914635,0.09612670247542168,-0.0012038073780993913,0.007735964543006771,0.009517109130616487,0.017732388748577653,0.34128434311190486,0.3505022398994192,-0.005639136179106693,0.10451940632299489,-0.07726295688564153,0.22731379086129352,-0.2378587283092638,0.32225118146374304,-0.042922927054458125,0.15599736848406143,0.022231475157707247,0.10319240577622606,-2.0218541299367253E-4,0.003338345922851494,-1.6926720039502808E-5,0.004668169492008182,0.09688416206405838,0.09830416129836668,-0.009436943378286674,0.03951099583632708,-0.032634463752897296,0.0652838226833999,0.03337843453136821,0.17848469694865987,0.003982092012076629,0.038184655349899406,0.009241607604006408,0.03215243489074895
0.026360388218839594,0.026730876713325618,-0.013453905380991452,0.027996985339905186,0.033908251967412366,0.04438752256902873,-0.0037328871310148993,0.12763108238537713,-0.015380592346794094,0.03599330396536375,0.02428044804198789,0.07804148112245464,-0.020127344485949397,0.020127344485949397,0.024891807388708657,0.0385031433814373,0.002553135447922888,0.008224360973787388,-0.002394467082006696,0.009886581876037756,0.09983567073724016,0.10720781185117438,-0.0283416062989448,0.2961234290583188,0.12328494718987426,0.12328494718987426,0.12637490044033756,0.5758084601880717,-0.002103669509825655,0.042005454533336074,0.008564043195494551,0.13886385362703296,0.0014156706246901214,0.007675267166169132,0.001590559878432348,0.00938901628456265,0.19219476355701062,0.19633907586461843,-0.057241918304839164,0.16248535765939187,0.027074084350072712,0.1399821841787474,-0.10906168709575792,0.5103285814568126,-0.024669804103067225,0.04837376259184663,-0.0036978144025404543,0.16121947820973845,-0.00119411662335735,0.002245842950966014,8.1729891159079E-4,0.0039325373167479185,0.05743508983209364,0.05838770928478076,-0.006054694988417168,0.03197867296828957,0.02088846741094641,0.04698345797675659,-0.0668239816988538,0.12047660939182996,0.004367763435022583,0.015869136317813698,-0.014258280393990713,0.032865179724706706
9.345488091499336E-4,0.002662494418913535,-8.640032294990641E-4,0.0024282177068264297,0.06259214876722904,0.06482352258846928,0.044966969475377865,0.04965690634197397,0.026251939759201256,0.026251939759201256,0.11526093996282342,0.1424146897289855,0.002095660763671921,0.010350819952783814,0.01691293582271271,0.045915000887129076,3.4696317775631037E-4,0.007805821070121806,-1.7524648774129472E-4,0.0112739822875159,0.19728071169239286,0.20003621736291505,0.053512042333225734,0.2471307590428236,0.051910737826219154,0.07561831940764832,0.09221037233430006,0.5721771504462202,-0.020832712204357742,0.02653836288786066,0.028266860069912088,0.17849546817503326,5.20821543690612E-4,0.00967153854214655,0.006373247473080215,0.009350093049587064,0.21442993454456247,0.21637141041189967,-0.06427579350477415,0.18361084851970377,0.02959926846075888,0.04316499708207185,-0.16621051024253092,0.46336464168884356,0.01678530922116486,0.06630601054229061,-0.03257535139813388,0.08568068806318815,-3.609697457247499E-4,0.0034954752621311888,1.5406185083811444E-4,0.0022976965757668375,0.08442625707560479,0.08561699163494166,2.2925185845598103E-4,0.06385494442508588,0.008904451191743101,0.01752546097846883,-0.011783964609901672,0.13770648926311477,-0.00955147277999389,0.011597751014441922,-0.01231052729980029,0.03650166242296059
-4.4489243916224434E-4,0.002474350467074587,3.2529527524113916E-5,0.003357495423929438,0.07565013934790742,0.0778674216035901,0.029540900588057296,0.09761458685011408,0.0202206996217216,0.03504553237413885,0.05994112909684582,0.13596120456826402,-0.019861088497396637,0.020773433984381428,0.01436752952702321,0.02491200336369315,-0.0021961458161751423,0.011536849048261352,0.007505053658966328,0.011545977559459537,0.17959819646619793,0.18078589610842097,-0.025138273302246952,0.26583414486859874,0.05527613804560476,0.12212179219096954,0.09906315651940116,0.5182102099661815,-0.009025534283045866,0.07935480432515221,0.014788244897372987,0.06574292423605987,-0.009326331093947083,0.017824745967785237,9.487390646290319E-4,0.011081439742055365,0.19112977508878226,0.19642732842877536,4.847830119154264E-4,0.23789951020000633,0.005651940906535852,0.12056296669092567,-0.19062867377776402,0.523980180066953,-0.02956607628643048,0.0623572223131831,0.005202179698241871,0.16474432752029056,-0.0053501526435683205,0.018894240102662704,0.0018902583726935248,0.007182628852268004,0.036131136243708895,0.08617122047889415,0.02419640529459232,0.05501703019101478,0.02775900586706162,0.04439899402657038,1.0150415518052825E-4,0.047121731644710355,-0.005967222684179367,0.019946571234704346,-0.009444051216003443,0.02675261830329253
-6.465779871431375E-4,0.005148734462728874,2.6559088328115184E-4,0.004220683276742393,0.07044210313442602,0.07694733328638215,0.03762479050816293,0.04166365064662959,-0.004883514361322945,0.019272891435934542,0.13593281241537353,0.13604867392790845,-0.004696683898156091,0.005125184914731817,0.05064174913963792,0.05079772895033823,-0.004041055732430605,0.00900354172046653,-4.41399222305723E-4,0.011725644846860749,0.2113727862213229,0.220093227662183,0.0450279622614884,0.21288862974741377,0.015160920769639713,0.07474940898382282,0.02631542244784051,0.5766044674044368,-0.006143379018938233,0.023231766901157035,-0.019128691671024503,0.16923418897809914,0.00132615709754972,0.0066918047961734,-0.005186254833016134,0.007004479130403597,0.22353885770891369,0.22440198872639275,-0.04181502801925536,0.19806585862896664,0.04591401533033087,0.07005168237321789,-0.13089328921772006,0.45909336123529,-0.005948550703308292,0.08656016254832864,0.0040855306442244095,0.09653538895255,-5.318436680266806E-4,0.0019714427999801168,0.0011910826220986872,0.0028575694189405115,0.09134456166156225,0.09212118681843931,-0.010798386328260965,0.04914021537214306,0.003938142903432881,0.024001235498809108,-0.007986320875802786,0.13849122045910747,-0.006848858353519989,0.015936184902706135,-6.480009399624135E-4,0.036848023645684284
-0.0012433029365028242,0.0031582011264343034,-1.6763198259975897E-4,0.0035224683818246526,0.08251052069336208,0.0838108050195996,0.019411425237582013,0.05031732617322182,-0.002298647168958459,0.02892316445588142,0.08823081730996522,0.18128848888741314,-0.0053146061539278795,0.01146443640633504,0.022196220637803944,0.06683033452346271,9.347105365439454E-4,0.005623617837012645,-8.022266991348601E-4,0.008691839845871262,0.2068515502037849,0.20765962720343165,0.0492232629502323,0.18886505070516535,0.039957963371926405,0.09582047764277822,0.010687485184436884,0.5776381150204473,0.023971596325132682,0.08559977415060648,-0.016581816082649584,0.10586609769038084,-1.9585756571433632E-4,0.007199064416879439,-0.00183584450994477,0.00873435633194059,0.27869266684161165,0.2817152504900641,-0.03745568462232482,0.14999969842292393,0.015508254672018818,0.11807807511014491,-0.13631080574051288,0.4117146349965476,-0.01840501538326834,0.04132018504502281,-0.03188565171900873,0.13077009485711338,7.626361331703007E-4,0.0018065017136612148,-0.0018732242029654577,0.0027796102181808823,0.11699813748539879,0.11699813748539879,-0.009519234680383295,0.01712139326372952,-0.01315142321810479,0.10627681592154056,0.033267399702269426,0.044784105334456197,-0.015386719734172744,0.02369469542699323,0.020050817208438095,0.03886128536392159
0.00193233897197151,0.0030518751866267526,-0.0023040175655371317,0.004228259681611266,0.0033342782139963393,0.014256192636243462,2.78650842142586E-4,0.010991513737847222,0.08617281421493377,0.08652752240311869,0.0397291535717435,0.04482213007520974,0.0010690973903193278,0.01430420201889669,-0.003360051228659081,0.05805345957802315,-0.0037141249551670887,0.006768808337746605,-8.070111842784177E-4,0.00850753295852119,0.14169160813419185,0.14960366513973725,0.16718523612200967,0.1744567977472642,0.0503297976689452,0.1764200905864647,0.21183423473099813,0.4269172923052919,0.026494820030875048,0.06982035699356937,0.05873857387211547,0.15047432342630582,9.924434756749011E-4,0.007038443925348773,0.0012324081265850425,0.011821559805256397,0.20786262609353434,0.22426871461305586,-0.1875085002282251,0.1972786071230029,0.1567402413767672,0.18865887409875104,-0.2586715904562362,0.5025557532188791,-0.00662777046283428,0.0430274809999655,-0.0761753801282224,0.1374145163221077,0.0011737165801442883,0.0019456156210943926,-0.001489127911253998,0.0023957518788666416,0.003956007565321162,0.007884978170957293,0.0014746301867071562,0.008277013191029014,0.03220099898853739,0.036624230303453305,0.04097008077068009,0.04544982116161296,0.01209998863846951,0.012185370990168391,0.03182290452489083,0.05026886283889457
-0.024293907521523668,0.030396821178767467,-0.020209569970576557,0.02961167008730971,-0.005899197531719812,0.019372615305534992,-0.042143859486446625,0.04350227153090884,0.06945086683484962,0.09640898425541464,0.055572452321719146,0.06678247426975353,-0.023982923134399106,0.045651791502492205,-0.001894112434512075,0.038368280161209065,-0.018101951776714264,0.02338113147924404,-0.013185778975344788,0.019554249511455374,0.1438301363314627,0.15833209655987202,0.12032073160530454,0.1405187200893282,0.20387841376199523,0.37556375297295463,0.14329776548132078,0.36104561900936805,-0.08561864320308214,0.12991787881750624,0.07540315562588726,0.09881169116219708,-9.365816998289406E-6,0.0066698724412558525,-4.967136195721655E-4,0.012628519748511577,0.22504394777654751,0.24496608980475812,-0.13027875641378617,0.1467268131244528,0.17122448253430686,0.2736632514853639,-0.17652719585440368,0.4584895585359142,-0.00208642923623652,0.05359575136317586,-0.00886056662599935,0.0656546737189464,-1.6281871431296044E-4,0.00123329443268209,-0.0015128257016911162,0.002741970957549429,5.464807482967914E-4,0.006761371460909928,-0.0034103152950662103,0.008984087673435554,0.019018818536234633,0.022717412045820597,-0.0343222065773421,0.038616743827844656,0.027360985728155714,0.02861459445045016,-0.051091871133872514,0.05164168875295002
0.021065077258875478,0.021138901054961683,-0.009899050846723819,0.01955869605865531,0.01512231668839152,0.07609893182520287,0.04432646741114189,0.11760119676169296,-0.02551964738222465,0.06829964125289538,-0.09645651369031256,0.15858177090113654,0.003698666352037728,0.028814970103891634,-0.01271124459295112,0.0329936671905855,-0.043293366982660716,0.08728213441462936,0.02526459855429226,0.05228431091105528,0.05153599545939231,0.2350368125127984,-0.06398136547647053,0.33036983652309715,-0.04218774506762362,0.0686309649301236,0.347867327267751,0.4589479774898477,0.08096164389137285,0.10755800389546272,0.07123754469302704,0.08439772270145278,-0.09619816927214851,0.11285373012650024,1.1306653959813053E-4,0.038504724801671754,0.14060609900408336,0.17011082842002914,-0.1333160864492113,0.14780086095955536,0.12136089398409387,0.1275549012968776,-0.20124185896382185,0.40373461477180467,0.012015291105335923,0.043762487674218954,0.003277144741478164,0.06161879181042909,-0.013578537186818614,0.0141037898620985,-0.0025301955313148192,0.022180029825027495,0.0022173404904531216,0.010923610149208573,0.0016431360150592294,0.00417440758944776,0.07839829531805412,0.09324965999866741,-0.03688515817810436,0.09299786526459805,-0.022056741169989433,0.02265781142171406,-0.04155679227063031,0.04155679227063031
-0.026985103838204953,0.03317954070660468,0.034537270797765994,0.03801248305932467,-0.017590779648925456,0.03440840665144094,0.013388087107390015,0.017088832822571433,0.06097214534308264,0.09559148088556466,0.07916209788528869,0.09975220780973743,0.003423768650009348,0.022244174493522364,-0.005044195432709923,0.05099411157527391,-0.04052770785639272,0.11687438631030168,-0.030980817367405617,0.062239120640663524,-0.003009465351108066,0.29194180383145546,0.09046088955568313,0.15151613030949893,0.09845756003347675,0.2758429475666077,0.01844744799600322,0.395166778218615,0.02582865894197865,0.06366838889464178,-0.06382868938675662,0.15300344551907924,-0.0807340983450558,0.0826956707055827,-0.07342949188384862,0.08022047606899979,0.1877087079908594,0.3166002712824307,0.004415643953144869,0.21280869648119027,0.057456673648175534,0.2340104548839816,-0.19273868339181824,0.3809978390256459,-0.02648715623636831,0.07352396889992963,0.07265457196070108,0.16486819236821032,-5.315525461046689E-4,0.00211484399530018,-7.958802874433574E-5,0.0037403226180926777,0.07609506178395953,0.13337862385768362,0.02900880273042043,0.07482754091460828,-0.09348166814699956,0.10841977233053884,0.06385834442697022,0.08126710284127156,0.019572747742022226,0.019572747742022226,-0.02586251963859569,0.053050135484220974
-0.002575685488835448,0.005308652739081847,-0.004388354205603761,0.004811056713979412,0.06423492569628352,0.06811063331340178,0.03291802297620831,0.04655083447162762,0.01085924571801198,0.012905975878119813,0.11931384524507194,0.1345720646878362,0.0021947625146182476,0.006994924840904515,0.021858295098179572,0.048568035927588196,0.0032682730333344167,0.005591860942338178,-0.0038424248136808394,0.004924192475641457,0.20166695629505116,0.20797924635552734,0.02397385022702867,0.16988072867346166,0.01079994456013359,0.03187554598280924,0.05423224104425187,0.5675691232791727,0.003462044023608847,0.006898704396388656,0.006262052880848938,0.19392689936098031,-0.07871996453310666,0.08524196965964663,0.07690196350381677,0.0904929747402637,0.21650508077226888,0.2328135500223304,-0.022302439849617425,0.1965273612329125,0.0033337326944911424,0.08477573509694002,-0.13030348050268764,0.4615474117070696,0.0012398006211149454,0.007666071889311247,-0.030192331519296834,0.1605381267845637,-0.02469550754888646,0.04417608378450823,-0.003863806094048144,0.010126137986130001,0.06449897619394812,0.10527328676453893,-0.027476446012170926,0.055572210540961814,-0.01103274366158488,0.06135820752512653,-0.055386085052974425,0.11031121883372318,0.0010892606605512414,0.0026786634921190933,-0.020633348287233517,0.04471916893058485
4.12210092762456E-5,0.0031824530081883532,-4.632806616236397E-4,0.0028360098689753223,0.05218044660212358,0.058382839620357535,-0.012307354339789921,0.02485266246322519,0.06774035786206103,0.09535624446942363,-0.05600549585332195,0.10002392951780617,-0.008225548332063938,0.017595045565671683,-0.0048526094394380735,0.02915173872108197,-0.011342185576462657,0.02301879331933749,0.00848635194713645,0.014945331790640564,0.08940882798603352,0.10524121175501705,0.11398261773302432,0.1465965366710548,0.15587848738729085,0.1571121620690406,0.23162320091822874,0.4882984507845254,0.012768573633782422,0.048314928344043606,0.009890687089747144,0.16303545980716797,-0.015625590972059167,0.0204140022569443,-0.016054467053809737,0.01662204533031562,0.2084865213361117,0.21763892078177743,-0.12493804468981135,0.14096846962484974,0.020934393773650056,0.15864198824451461,-0.13521893705731336,0.5374835506400474,0.0022449776230524772,0.056208726925233016,0.0028805509023192262,0.1935232428685262,0.002387940797806548,0.004296561846255088,0.010118085697921117,0.013289543338958584,0.022500478042254298,0.03739389396364374,0.005272678021443389,0.02329657790569571,0.05896798349772326,0.08698151949039717,-0.06933481684301752,0.12234588427274162,-0.004296717386679064,0.024108326711032645,-0.02845602441882173,0.0658785683156671
-3.6278833059965584E-4,0.002325772845792206,-5.890428341118384E-4,0.0025917821641829163,0.0031302474386056844,0.007828202471593106,-0.001001176021782313,0.007356479500739936,0.0017002400165497657,0.012191331002788073,0.0060224030349308325,0.007992952154915753,0.018406296217252326,0.01961655314144643,0.035077588541951955,0.03568887792030237,-0.0038926406476217958,0.009735912401489008,0.0028427950102229375,0.006394707245071164,0.1227380976948857,0.13285956465498988,0.14229217383301515,0.15096693428678504,0.25668615374852344,0.2635023425185579,0.3765157224523528,0.41892037379412067,-0.004788208010281486,0.06428774970324191,0.03169818008924288,0.10168153865085783,-8.994226701135135E-4,0.006513997756642048,-5.599789196249491E-4,0.00835048551723815,0.20737391632228153,0.21234645111745815,-0.11982236958898726,0.18241439174235857,0.13824440639246305,0.25881578350842976,-0.22662215165914487,0.3651635189756588,-0.015011996402850432,0.08040290862902483,-0.03502271864898968,0.0635117021915587,-0.012934819317267593,0.014116742775756561,0.0100436246725902,0.010559886886678447,0.006735946700007385,0.009999102295554868,8.592477332757873E-4,0.006725728520726652,0.10676046485706826,0.11397160752113791,0.005394436650856187,0.06566878373497143,-0.03680449260019324,0.04588637724153048,-0.010302656437762132,0.027085405286063007
-0.018443879789928824,0.018900141487096338,-6.874324042800553E-4,0.001395400939967915,0.047528329209728146,0.04987781226293725,0.0024690585770526514,0.029163401539360347,0.03679708142858133,0.051913301420128434,0.10202925069257733,0.12342184096919002,-0.004763811241329976,0.006186356468786348,0.0478638315104921,0.04793221256979291,-0.05113176539366659,0.05494233465441232,-0.001144969194976668,0.008076571557264356,0.11095542772313946,0.12120496410927659,0.10172918332687982,0.13801078305749329,0.222477579351572,0.23991424712715653,0.06067809729644705,0.45072748400312634,-0.0046427631962938955,0.04859151927533975,-0.03804215781573834,0.0993497972364075,-0.03736098204434811,0.05262498631114524,-0.0015438213557417376,0.012917302976865018,0.2679191260862472,0.27425323932542356,0.014760158065560643,0.17172368505129734,-0.1653446964034355,0.1914409585994192,-0.12482066175725469,0.4738550262558038,0.02412715132717842,0.06433843475774587,-0.05838447637798128,0.12484776894517376,-0.012992352198759645,0.013635437069451218,-0.002830200354294546,0.00417538382991136,0.09480230930017734,0.09480230930017734,-0.019358044996948442,0.08648195480319627,0.0038365875430610183,0.019443497011093956,-0.010581077899075838,0.1740989405337638,-0.006925034833012098,0.0161511412000249,0.013980794989456086,0.05723590392154797
-0.005104549935729085,0.006271100949206467,0.0018012111481911417,0.002732637871629746,0.07375339834354029,0.07455807879311756,0.04301574337253256,0.05054778639970475,0.010003077952173613,0.07815014709840538,0.0021162010223215585,0.09642244285258132,-8.667423565566233E-4,0.024541086897640133,-0.04084313600588419,0.04962045961640346,-0.022587736509595877,0.035763902109093366,0.0022170784073768553,0.009546276830564313,0.23037382029219194,0.23407520058152803,0.0077089074961053505,0.18854712151776312,-0.09575557653049296,0.13819140726084023,0.1759739698808119,0.5036350077321845,-0.004860662805333496,0.019395327300825844,0.11556330850433026,0.12727320964325586,-0.04663323061240213,0.04891849585724105,0.002984017764720934,0.012595546533896275,0.21201763151419323,0.21298847537102492,-0.08678802745899675,0.1798059013073625,0.03653464147221682,0.06535214271360378,-0.11966747169641286,0.5016406313347008,-0.010111811603664823,0.021645780943660285,-0.03277264500754963,0.18374345057238403,-0.018522060995829426,0.018556701711358266,0.005645724428887264,0.005803329039589715,0.0888665395675381,0.08955058526268497,0.008047596651255701,0.03643414466303008,0.00540525369334718,0.03741856709282455,-0.026984224486781817,0.10997677704843918,-0.0012995022845782545,0.0032025314451232362,-0.019207965993040657,0.038744490746845266
-0.005183148231241308,0.009135188066646129,0.0014108121235775508,0.0035839531032892417,0.07155216732385493,0.08765268426019372,0.016826535609711913,0.09177447344041331,8.59811730422915E-4,0.04203884220044476,0.11480073985199539,0.15335616547334416,-0.0010635479958685998,0.013848867792538341,0.023681563261420777,0.03782707863998938,-0.051431909022719366,0.05434878154764043,0.005994014817904388,0.0153325481900038,0.20819206395487747,0.2100334946547477,-0.046176951669911724,0.26566821838206006,0.0367180016577602,0.10896723665708646,0.06403017410098272,0.5375432681841448,0.004057247329785371,0.03215429210872136,0.0317550937269885,0.1677608671492134,-0.07318525413571236,0.07617944857276215,0.025811316699011388,0.026852184772156416,0.24391709746725276,0.24613475508187993,-0.0431082770257054,0.11191666283102156,-0.008855742415546463,0.1611778309458191,-0.08623920826152577,0.4327294331862235,-0.0017616131337513635,0.03245318634149785,-0.002670933550237892,0.18146715924564547,-0.028261915274654683,0.03759954688522718,0.005435447628708845,0.007819133326202191,0.04429540598927157,0.05409936170190279,-0.005329263311342415,0.023263101441876047,0.045530843602916614,0.07965428890021113,-0.05267597499175269,0.09903533546616125,-0.009113956814783565,0.011564774361342619,-0.022568250829448695,0.06293209541315296
-0.02154214064292998,0.02154214064292998,0.0024006933232535786,0.0049106113628608625,0.08340726969038695,0.08361720672457205,0.03589675101778739,0.08128578413346615,0.014904373928402033,0.02032201491455717,0.0687549557244885,0.18151313281202386,3.2446413640140645E-4,0.004264084396664269,0.02336738128635043,0.0564969890029758,-0.07600147114712844,0.07600147114712844,0.013209344588698286,0.014812504825409517,0.2653809181955423,0.2693387179532506,-0.008774232030887135,0.1646250576020514,-0.0144979261646333,0.10147646386823965,0.09256892565373105,0.5219497693775511,-0.0013119160956962075,0.009678426752025654,0.042851593388771606,0.19737230542823725,-0.07716497872829362,0.07801907799883212,6.416248058647569E-4,0.011949971213756048,0.2557129024926921,0.27791507582469793,-0.06250600452546756,0.13573774715757217,0.03131862367131329,0.12621838288357307,-0.08598490773146635,0.3894265542378448,-0.035450176235604425,0.039909900800008224,-0.04516848895083909,0.17812599149761937,-0.02575652459293628,0.030255867553738526,0.0018282245549144818,0.0035088903928254126,0.07954891771614908,0.08022268490759926,0.010583113665113766,0.02689286323053337,0.03532005798658493,0.09176543886477369,-0.03528429058331221,0.05783750085673268,-0.014963902850933032,0.025875909347832172,-0.0045389254305063555,0.023574057836778753
-0.029714306400022403,0.03738303181377695,-0.02513070039818545,0.031466445734004304,0.003282239179968976,0.014222738636244134,-0.01237962573785779,0.015027271321745302,0.09540461759814879,0.11870241347237194,0.03941638212795718,0.06725931248357242,0.010855636504272608,0.021187712240083183,-0.004807631175641758,0.038970406475640436,-0.004970111202555591,0.01841743707318821,-0.01617099632507245,0.0194339504370092,0.1747512832986786,0.19762736320999386,0.10079843328488823,0.11998062123293338,0.07802470884012008,0.3840329011158352,0.09296328130990922,0.3399652901869378,0.05642452329379797,0.11337421613620581,0.038090733265818605,0.07691928351283608,0.0036382776931492534,0.008564268500429642,-0.001552034479349488,0.007982996879689178,0.21554149198769731,0.2195446272159147,-0.09516820043359027,0.11744526726796008,0.1392351894978416,0.4046287139356253,-0.09294450031191803,0.4390759201632213,-0.04098182947884995,0.10411975374240792,-0.05727488810548204,0.14616179222758804,5.45024702848047E-4,0.002600258434009369,-3.6992733764098156E-4,0.002513219058365495,0.006935025205746204,0.012744224459405302,-0.004449418832228316,0.009636482746022539,0.10058809060405198,0.10172326465918836,-0.03435290001872379,0.035463644891499155,-0.043706388144152,0.04380109281775444,-0.02593091306449704,0.02603504780316393
0.0,0.0,0.0,0.0,0.0,0.0,0.0,0.0,0.0,0.0,0.0,0.0,0.0,0.0,0.0,0.0,0.11309725261918804,0.11321172004671139,0.06319471874360871,0.06350168297542672,-0.14081103903694783,0.24348438215398854,0.06890563970992,0.1283243832709964,0.3709636515889498,0.384106592496201,-0.1493096162095042,0.17963881989239566,0.014277227893891492,0.016642459897237533,0.0034895814895577345,0.012986222855107601,0.05041889753541992,0.05344706508596802,-0.017536969725690077,0.09165749585924245,-0.1282489627082542,0.17497268246788608,0.07700305442198649,0.31709356785965953,0.3489070025783677,0.3489070025783677,-0.0471386006235447,0.2979099666919271,0.010083391947531203,0.02495686645865025,-0.08256566272425218,0.08413257212493937,0.002810390494301751,0.003805433506365635,-0.007467695156791522,0.007808557422987362,0.008661495555271544,0.01597893195102029,-0.029070922488580855,0.030233803083593882,0.00629025115273619,0.020976025355861034,-0.04755619671011168,0.05112550483814294,0.005287459043884462,0.007029640148839511,-0.02493748956992849,0.025803903613903872
-0.008023012607432257,0.030522735901965435,-0.027112124348337634,0.05134664739122048,0.07571605516220922,0.1113200202786686,0.040644581852369,0.09334733078499122,0.03251059893475607,0.04428538380406147,0.03578544125601577,0.05000829219265161,-0.02398557964542641,0.03380132896732938,-0.029905268484104797,0.04190926378859275,0.07128959292281742,0.07579669760025112,0.04867521216536622,0.052026922003751176,0.03987805490189573,0.3207869673741752,0.0657299474034729,0.26359550296292883,0.0590854989504582,0.20209005360581844,-0.28642968423090587,0.33277069539433124,0.019811207489138793,0.052309057384355324,0.07532053855208731,0.09178430620841464,0.07703715640928772,0.07955384768839555,-0.04167500915083241,0.04934394171772591,-0.040928798292969484,0.28150603389891715,0.038622521466006955,0.24042200745598585,0.14244232719489194,0.19891726995700226,0.26953473510280607,0.3029120507890708,-0.03862643215007706,0.07023168966273129,-0.06682783362197454,0.0880628242007805,-0.002271688466817379,0.004692695315886306,-5.762171673520598E-4,0.0032262292716087305,0.04611733139432748,0.08033498918388231,-0.1100399403462521,0.14532210437259668,-0.02464321055583465,0.06758817302760002,-0.1491924943985589,0.18697943814396645,0.03264138951030791,0.041481220680640994,0.0075578021140121805,0.02817528807610123
-0.0031841087063696153,0.01606928718519328,-0.0314788395224565,0.03295941836173339,0.06189807742216024,0.07493302595880422,-0.10821577385381001,0.14580260684062946,0.0053415614365389,0.0535207272331252,0.006265394808365527,0.035198414095905226,-0.006474363774496301,0.01306835163042787,0.005637723481743028,0.015002545605133689,-0.015392378582744733,0.02196475023201451,-0.02986512887515364,0.033049930466882746,0.17730568973774136,0.3832270144625486,-0.010492856440065161,0.285667854259355,0.24949494364393526,0.2841651676523023,0.06238459295214059,0.18983837387203914,-0.0253301654353621,0.027008765007359846,-0.007984392421410585,0.013797142314698866,0.0015351167356012225,0.020004148596975115,0.005987869399023859,0.018849128175169854,0.4364661706500451,0.45289327153312636,0.048768174399528644,0.1547782214052229,0.0033439887560969663,0.09095166916278498,-0.09676299947830477,0.1553733628353217,-0.03054070414306472,0.030904282492708088,-0.01577753236246903,0.01577753236246903,0.00654578083476694,0.018347599113174625,0.01378078778116965,0.014655216978670194,0.09374741739883918,0.11576092654652304,-0.01978117026040492,0.07723006320265088,-0.009234641123665985,0.06320950157370617,-0.025202512030995373,0.04569587729867475,-0.009181424435965372,0.009181424435965372,-0.0073114974422547885,0.0073114974422547885
-0.001181526071851888,0.0027569833279932803,-0.005107570985526867,0.010437796441686749,-0.005746855682535976,0.010260606732236568,-0.005716235754197936,0.011761357630094893,0.001840160507473028,0.011954115679815797,0.024406955573436796,0.02766415374494696,0.006665063516032867,0.010754768394085084,0.01839922572271061,0.019260844827359486,-7.413236252822223E-5,0.009027680166543584,6.504394649796859E-4,0.009604524095953538,0.12342376297005984,0.13705653882281663,0.12002781337864717,0.13113166847154709,0.13793498066870605,0.3902346982976615,0.1619723123668103,0.40799410011780696,0.009368070461485703,0.13350226898666218,0.02348228878537795,0.2142857624823761,-0.01384051157927913,0.018708702191702828,0.016285892180290192,0.0197766574935664,0.20228844099775262,0.20967905984277185,-0.08861443982723986,0.1198749121564458,0.10375072670001685,0.31432434146638305,-0.1566155618948922,0.4458673816834382,-0.08132764360808767,0.15298412198953434,-0.005597204193033573,0.12568115542024486,-0.008195642696810463,0.030396461897214237,0.014325343498640808,0.04790176749662522,-0.027600887238557237,0.038402668859676074,0.050941104945043926,0.055674643759765205,0.003055724497609145,0.018963567854158998,-0.01097457553253878,0.023860185997635716,0.0036592751181122865,0.023926043753717045,-0.0371018294541351,0.038813612849670755
-0.014561470847739321,0.04865751982622843,-0.006883187009899108,0.02420187712980225,-0.014001787533880415,0.02081648453220755,-0.003360157119780694,0.011111723769730396,0.005091278455963094,0.028196214690100082,0.05805080133631041,0.059802624764554176,-0.001653520116209019,0.003297489152066336,5.530051729925048E-4,0.002660775416469801,-0.0648290778737045,0.07391847839772181,-0.03067995390889081,0.03628593747107433,0.20009833153068904,0.21364137803892594,0.08057429454174445,0.09805154945079872,0.0013568807928259305,0.3432006910076572,0.07833206722979302,0.3193732610184158,-0.032414820623753914,0.11381736655191514,0.07194601716567524,0.08815806436406305,-0.02054719862649582,0.025957778185061665,-0.008002965031344324,0.012956812951725684,0.23114845716199722,0.4231664517076253,0.0012481552130773877,0.2482387350616146,-0.012072407565881817,0.3863070412555117,-0.09482174557100544,0.30692570705156635,-0.07169116495267361,0.17192971583243077,-0.00452168134008775,0.08997900355585015,-4.1246418242908684E-4,0.0023314459978658266,-0.0010050851667781854,0.002654590719786336,0.002939630022500525,0.015741372791142825,-0.027440502692515665,0.03147967250714643,0.05568154977437271,0.13694511562457184,-0.007216729125588695,0.058889967385663336,0.009810252115334107,0.05480716727125642,-0.0011427073705487492,0.01772513925790716
-0.004511172810605856,0.016833909258194363,-0.009993305674956385,0.03416452263669766,-0.011429436379900217,0.0607105520830829,-0.025508169765346207,0.1266638840876168,-0.029348859318046698,0.05452672957197023,-0.07145849301380396,0.11746705721546122,-0.00605361773254679,0.007479734224850439,-0.016023955349899595,0.018102660539286154,-0.02669640459653557,0.04408394358094891,-0.05456614144712849,0.08483365016257285,0.021429912409003656,0.12448227565306053,0.03795120025822434,0.23323156286238356,0.12784184593426362,0.19727427342495027,0.2796179107200698,0.4231249901619108,-0.07018767673561911,0.08937079855354262,0.059271749402293475,0.1146934637927357,8.321905835895876E-4,0.011214813145828137,-0.00157927512219912,0.014175722177588595,0.1364278665197861,0.16399997614981654,-0.13826980836682795,0.24689393070840623,0.023283514070694913,0.28566673632470485,-0.22477392864786083,0.4757250609436829,0.03197247571828205,0.13087293222221433,0.03072886051828886,0.13358162167018794,-0.002142264407123557,0.003615331294393843,0.003987898872127163,0.005455886322938474,0.0012315538966529583,0.007461693758057382,0.004495822698005722,0.00911010208764784,0.026765684159734945,0.028786035648197622,3.14043104455126E-5,0.013344611507320336,0.03199541976896683,0.04016666226086206,-0.01754227744536953,0.03298090117964101
-2.3124232147564308E-4,0.002841106882907842,-9.662926236835924E-4,0.0030696652398149536,0.06962235127867254,0.11743312628852526,-0.020867578275427217,0.060932503212573284,0.01866358218981681,0.04996280527256781,0.01771372392520638,0.08152774094640684,-0.014164772318945537,0.028481026154932004,-0.010434547191552165,0.029455911233172243,-0.0061775285246717625,0.009317592332948463,-7.85546853661082E-4,0.011963960420500273,0.2395879380556596,0.24239038542285415,-0.057659777390585726,0.24898591895321182,0.028862088257597774,0.17360819299117858,0.07079196100854988,0.5078914407855569,-0.059252247715297184,0.07258946994208618,-0.002360171941696762,0.14957809890145402,-0.007789630351892529,0.01601409772782023,0.007403916846295086,0.009829630395257562,0.29939179659651194,0.30112580173047887,-0.03962266199790864,0.08138628153786899,-0.05908198165069587,0.19154149087254005,-0.03486441946000389,0.35746343387895596,-0.04898693502401197,0.07193019290930762,0.001324752519983322,0.17210217239002965,-0.005596762658637474,0.006877186262927459,-0.0025782895175440247,0.0028339906410490548,0.03783084113022828,0.047111563881973385,0.016147127438659918,0.06485183807260293,0.03091253545593374,0.065251832269539,-0.06626614958142277,0.20199235083816974,-0.009795015677679559,0.022912747797935465,0.010327205396451641,0.06224800062085462
-0.01427295604384019,0.057649705164805436,-0.0061944357279423105,0.024952774467654298,-0.0338129812306869,0.042374902865279125,-0.0066463021357562975,0.020730850802607455,0.028070854043229065,0.03738263626830175,0.01444293876600391,0.01992505457869792,0.027769239434091042,0.03813733204052992,0.01766164243054236,0.0378118942748324,-0.09480165679677821,0.11304632332214169,-0.05107787042512275,0.06149130076179756,0.13025795356953132,0.15938021004885175,0.12609151872699595,0.14219888787310792,0.06365540280444314,0.319056796555726,0.2125352380747524,0.36660910989674184,0.008293763789845619,0.1169676965577496,-0.030556123316572877,0.13617087707934172,-0.03019690150146005,0.0427223105927864,-0.03474892300282531,0.036293661793564656,0.20298655875230154,0.2063068049091415,-0.16456989334473598,0.16456989334473598,0.11818748096247701,0.2983343761649542,-0.17426849838961084,0.47829460842603894,-0.027262398942159174,0.11132374859610966,0.03274038944748313,0.17298059210469538,-0.0012620528887448568,0.003262396166714902,0.002463904050849477,0.003417326305815502,-0.003623854517792852,0.026089876322069334,0.021045095133894284,0.03794874400983282,0.01869111359856494,0.02035721731411859,-0.027015579719467844,0.02765431738517648,0.01759568671312016,0.028762044338088898,-0.04955779015388724,0.049558509893641974
0.009791197188825795,0.04828877421510997,0.006292335648987977,0.04644564741226918,-0.08568565043836779,0.09847926624785262,-0.06103150187847363,0.0779078513920268,0.030731846653378223,0.037339899352110226,0.04646293764341625,0.05601540858524988,-0.004513821913663491,0.019164985473301924,0.03710269278040366,0.05053642964349445,-0.050695500354343524,0.07791445819891023,-0.07897261516000735,0.08761458582803842,0.05466443517428507,0.11010148267578225,0.1335071398012578,0.18878164888325338,0.23263131846060958,0.2723947061366291,0.26902451653080894,0.34714492996529867,-0.044189016500684034,0.09784650915953502,0.012548592763434237,0.10253933135999416,-0.024630087992794935,0.02617391377953671,0.017317238729782306,0.029451798344856055,0.17932246638605856,0.1890512104724432,-0.12165830935440414,0.14322631692504986,0.12289928658547337,0.29636258561458045,-0.27159279585438495,0.42886554557092327,-0.041196683172146614,0.15086224437754758,-0.024635582554052515,0.13106504125288612,-0.018025703524224442,0.0402245808962779,0.020704687859580954,0.042884345720629484,-0.02913527272306858,0.0319141069478075,0.012880913390502166,0.029048616195037565,0.01901061499107285,0.030068449494687132,-0.003125086062022573,0.013830021879409501,0.028657456338654675,0.05307373325880419,-0.006650807474241711,0.03591881516057194
-0.0320214757476535,0.04063843759841372,-0.01369659201120678,0.023485167884723154,-0.01493585661368606,0.023323291962351455,-0.0477322405655396,0.059677984518525025,0.021739370140391377,0.02811225263129261,0.02616886497976066,0.02978355225463068,0.0072805893655150935,0.02553285930540177,0.03719924434556262,0.03726825456918709,-0.02502195756643504,0.027686918083765874,-0.03915529829486402,0.047330707058309475,0.10910493977513289,0.11380627923139376,0.09830574554789395,0.10112015600219178,0.20664954634626193,0.37841539841804367,0.2306965861640016,0.41404718661319573,-0.05568286546487429,0.10137822713129328,-0.01503250384870646,0.1218915212288296,-0.011667293238554595,0.019126092418273642,0.026627786549309727,0.027127728211627792,0.21028298966699255,0.21983297310374258,-0.05263929510876315,0.17551093150918873,0.03314810092214344,0.3617657267919531,-0.14049348490023247,0.4006512301076256,0.01563175743394931,0.1231891222651884,-0.0017598062122640933,0.14103764488077042,-0.02010032139999773,0.021310925470168836,-0.006663940583218322,0.013645480532022473,-0.003160909840480945,0.009033454296310424,-2.7206633305479545E-4,0.00846042803541411,0.029709221923035652,0.042569490266179684,-0.07483521483138156,0.07570209894334212,0.023864723308583614,0.041150767987557534,3.830311999787592E-4,0.03972051821161923
0.009857535843688732,0.05489604389529729,-0.005598260654759625,0.02542807695026281,-0.04376586697088321,0.1679884798460783,-0.06131982381849706,0.13510638552038726,-0.056508898025477323,0.10733226163427939,-0.05339033686128516,0.09628840259953733,-0.00467694046194495,0.007779795550483317,-8.687953877438464E-4,0.008446495368106908,-0.03423995730499178,0.07170353244666842,-0.07292227606062833,0.08208878223098824,0.16189286468999578,0.29249647506364856,0.013610942462340932,0.2052064382759614,0.06260426557323148,0.23873621329155628,0.20645104502699274,0.404870541327811,-0.05471739051581617,0.13835769571864864,0.06819873315902017,0.08521797832081154,-0.010576354573137417,0.013421651142425082,0.013750190682943083,0.018623424361974728,0.2748529008481549,0.298778116101582,-0.11332826703257386,0.12594089784117307,0.09661899972310138,0.2433808784183487,-0.061410505139804436,0.3253200821612218,-0.03898967755341962,0.11270297525125496,0.011577067257993914,0.08513265055764711,-0.02817774102721215,0.05044144414453295,0.02914166944555425,0.03344077257009006,-0.014343723719859583,0.015733270486221595,0.007016633702639168,0.010417201429790583,0.10865891248252632,0.1599758506486521,-0.011450633967016921,0.04362172889116491,-0.015097652995867001,0.04140358391851678,-0.014321186389372107,0.03895425836252832
-0.0049183788479897576,0.03557366944629385,-0.009738478749140595,0.04574683356887124,-0.003909349294028577,0.10332788402681495,-0.00634443977860525,0.12548113738358482,-0.0506811017069402,0.08478103120480347,0.057904829934226736,0.09591059111795536,0.0060444908492511724,0.011221406076954748,-0.007311103474552976,0.008709361257541398,0.046313667125608374,0.08277697253789291,-0.027017667475867854,0.10532504971595491,0.011276733615271225,0.305673405610586,-0.0324464766479015,0.43566845778509294,-0.011349231300630628,0.33678985982213255,-0.06692602945063937,0.312765654819655,-0.07455751043953039,0.07643599317179144,0.01993323035817198,0.04588913168166044,-0.009998225293085113,0.08848859199437668,0.022730968443609428,0.075445814264671,0.021072911664544784,0.23050301141144736,-0.05348681667460805,0.36442014092894925,0.11313588461666914,0.2123253973435713,0.11825403563149885,0.2843850435580234,-0.06256436570492246,0.09031062837438562,0.03084162396633702,0.10310980358621061,-0.02362920820109827,0.035393760542278344,-0.0014895001122511718,0.023822508804677296,0.010593211902268267,0.031255440337858646,-0.023981723261548436,0.035890798835143324,0.03231315793570268,0.10409405964854976,-0.029018775411162483,0.11291116722323291,-0.01864932228946345,0.01941013207429472,-0.02358691621944489,0.02415153316019641
-5.631714253927342E-4,0.002374339470681106,5.782150769280701E-4,0.0022471383228555046,0.004805757601741134,0.008638626627061732,0.010690908340696461,0.012826555910777148,0.0019150892438467714,0.007024042233654378,0.010369885844289332,0.011019527502928988,-5.868955592042104E-4,0.0032259870844960434,0.0033833284761953532,0.005789037019404847,0.0016164837890108267,0.007618844839793972,0.004722942930799561,0.008122387742709198,0.10407269003381588,0.11312946927656112,0.21105701996053797,0.22011290188945903,0.14739472569105083,0.2675943821396372,0.31550676525692256,0.4360408918046995,-0.062288091869946945,0.10775175132401668,0.03765840187912521,0.12050872017998265,0.002455023320337238,0.005491339199885399,0.008040049463434043,0.009930361168509686,0.16167356861203772,0.1707364333915891,-0.18640004364411691,0.2017235283815774,0.1327158750241751,0.33705623378557614,-0.2282016263004111,0.34160405322883325,-0.017223945691606162,0.07712059268813522,0.05509773610460639,0.12879815638996217,-0.012520551713176729,0.015383253038342377,0.01350214624567089,0.015714395692217425,-0.0013803593751904708,0.0074400741382774195,0.0036932860415573765,0.008301834768809264,0.042475145998659446,0.046945641008391124,-0.0336471367571025,0.04336552683736233,0.011132620471083413,0.01810534898608662,-0.029827259137725493,0.04419367714072386
-0.0018391990400040764,0.0032671583377711947,0.0040930365753239755,0.004689648886446799,0.0018800733589886766,0.01230481599180684,0.010497834307465422,0.014197359924406511,0.008213782371289585,0.030589234203587567,0.008299554979041772,0.029821033803637757,0.028354275935458268,0.04046018328102464,0.038196264817827355,0.04592587390158715,-0.01459469833554879,0.01530208406149407,0.018718572669280464,0.022907148656275623,0.1019526267175841,0.1303075647004945,0.16984856716398983,0.17764475937505814,0.11533712278679617,0.2964975685904532,0.27813540389074004,0.47228774897152836,-0.0705345284453763,0.11124833192709915,-0.09707037577818863,0.12118437710324949,-0.028215542579784644,0.02889758668846245,0.031892402828804636,0.032320415914812196,0.17319747550951226,0.22203514510456304,-0.08878101491342948,0.24955452403135348,-0.2083057144117982,0.22850524516729065,-0.2576798572779005,0.33333839593999764,-3.1136588784219313E-4,0.020278338437983212,0.012673039976971542,0.0255997288206797,-0.0037375364587866476,0.0037375364587866476,0.007515237473484989,0.007515237473484989,-0.012416623444886903,0.016766379958718484,0.06503029793732117,0.06503029793732117,-2.4458666284183473E-4,0.026508036637314124,0.09040847785805611,0.10786270624524635,0.0026306097665010496,0.017457099453897985,0.029086529988003786,0.033473649025812444
-0.013743483724627921,0.04257991484776229,-0.00612090707672901,0.026260793697643364,-0.034810442878796234,0.11868535133470075,0.04442526568436308,0.07537119798294081,-0.012744161729062333,0.03601042508029231,0.05298627956165984,0.06050712551710112,0.007970356892551843,0.009873179905279326,-0.012616731416284789,0.015973067910881114,0.013799590381693726,0.1332569147870408,0.0038324941702299743,0.08589156688747057,-0.0019411891907837506,0.46206729294862,-0.01705541497642768,0.293214151768512,-0.032406909023450316,0.38372849153883803,-0.007086994764513176,0.20073965451450254,-0.05821456016467985,0.07589275404927505,0.045345466053918856,0.04915977426605865,0.02719218445258444,0.08247001783464161,-0.041320312960320266,0.07868766196076883,-0.02130383620934253,0.3167243870186112,-0.04238445599107451,0.31324786588456854,0.14205724531802177,0.2807706218110546,0.07105438233572076,0.24603869447425908,-0.05730843558464936,0.1116959035831898,0.00230064807294183,0.0869262772269816,-0.008964707605669003,0.023536064845272684,0.025346911474874063,0.03710040267621451,-0.0224666281501443,0.05907327146364482,-0.020474386746475705,0.07217028658154753,0.03616447491683386,0.09129429131809325,-0.05405365188524181,0.08384987053685673,-0.02885228336537673,0.02964029174559229,-0.019654034659472852,0.020491312617371638
0.0010659198750053143,0.0019789010430040295,0.0020588190689542598,0.0028939255538469595,0.0022388754431526417,0.010807564383749572,0.036819976493071324,0.036820493532803686,-0.004482754678558258,0.02774582999777875,0.06881599310788934,0.07057645348714725,0.016094262919709744,0.045989343685029195,-0.005389245678521965,0.021663643246030432,-0.001990230347997766,0.012831594885922054,0.00681797897796021,0.01053490985018359,0.22065789510182063,0.2949339152036313,0.00867681853995918,0.39185898339794184,-0.18142012327188614,0.3122522883323239,0.1536586757700568,0.34422003727656303,0.0029279549709646997,0.07789320347557323,-0.0062456223944873995,0.03642865991653822,-0.0463374945943003,0.053461606039097845,0.020783849570610264,0.04863405447321279,0.16973345421246636,0.17763484476783098,-0.06834925805149276,0.14170816719522197,0.05479705294926956,0.23081411688616804,-0.021288767046558337,0.41007156861885413,-0.09351034270470665,0.10486845457701817,0.029393342072883834,0.08138125748682917,-0.02534782118214106,0.032294316143667075,0.008712905823998219,0.0451791780480815,0.06424316341915079,0.07218561493251947,-0.014627678016695825,0.05831320163787548,-0.0037135889703121244,0.09479166671630392,-0.06082898235890476,0.18694479421592844,-0.004137826121984928,0.03935007894098971,0.019311418054745344,0.05297031864624675
-0.0019388101742040256,0.005734863250380861,-0.037922861390660166,0.06215033622332053,7.963623856099481E-4,0.02145122835353131,-0.11974542582792715,0.1633320941171537,-8.25036942243416E-4,0.013891472086714415,-0.11923722529918576,0.1235498891040886,-0.0038240275033017243,0.005241984711500352,-0.037292425709605434,0.037292425709605434,0.02102959560613365,0.06022774142632293,0.08843093579567966,0.09339281935081709,0.004825459451107452,0.25794223813419426,0.1185269653790367,0.17312516258267618,0.042865392816202816,0.16664437919456435,0.2809581235520573,0.33537434911704556,-0.022479777627696346,0.11316695461373319,0.0787086537865349,0.08906877885450662,-0.002295954758709526,0.04472836328688877,-0.06482249626307408,0.11945948596208755,0.09354697738770373,0.34297390523033555,-0.10800407381526383,0.17031843237770924,-0.07389812123768927,0.1947582527140213,-0.2902177984089383,0.33433700721223103,-0.012010304429039319,0.11294521174614493,-0.04491959121949272,0.1419881586375047,-0.007623874839305674,0.02847894111833174,0.012442247826157713,0.030104355574970154,0.027997963978653326,0.06718569828676962,0.10112500956904064,0.15795197490708707,-0.03678853799653832,0.13221273678646928,0.0634450763293037,0.1005013974925983,0.007547369866218592,0.0456329585226803,-0.0026384116529209367,0.03889643204742703
0.013524548565487423,0.014064409456880115,5.58426004896997E-4,0.006352078046766607,-0.024847447513554697,0.138550387757765,0.05634620914639499,0.100907661878686,0.047678205360974564,0.08759941220010722,-0.003691832425554658,0.08446579257789151,-0.02781219494519799,0.029977066344228788,0.008939095183166414,0.024299995187516778,0.01662350676316173,0.021135093675567745,-0.0034473337074203162,0.011455259285325627,0.10121305668748819,0.1934769659401401,-0.11097300811685647,0.3539634600982069,-0.010470461337633817,0.24611084043318313,0.17692013054558095,0.32298167536638284,0.014076859115445818,0.10948266105856652,0.025856464245277044,0.08956768809764022,-5.800102302097444E-4,0.009574435922367777,0.0020642639259305815,0.008240034072393754,0.27389966936433263,0.27977217811437993,-0.1161725236044138,0.13532105613837456,-0.17696206860859115,0.3651762671791623,-0.0173033313304273,0.36358949359773984,0.04241250982406587,0.08729001323003331,-0.062222657425020776,0.130707987748806,-0.02623798434992078,0.03076297822655256,0.023593269292845873,0.0268525942052631,2.7685620696761836E-4,0.012828109035730652,0.003460959124206226,0.010851672076640485,0.07286368036958972,0.10411155551228664,-0.055120121155978544,0.07345848374805507,-0.01973905116050832,0.04101011551671002,0.0040068880559497025,0.031060114938521448
7.416335597629627E-4,0.0025943564416150483,-2.6429302495829837E-4,0.0029349253051602904,0.13050871839643213,0.13110625371284226,0.014152796348470451,0.042877585114019366,-0.12085936367524858,0.12318668215322286,0.014347780118205061,0.043087796520931386,0.017503454313506056,0.023313186835318498,0.0058091504104426945,0.006813082556558227,0.007082975111566319,0.01149205718164236,0.00574911669470696,0.009928976878555235,0.35265955560654016,0.37883943572064455,0.007809385505225589,0.12414311468813684,-0.31008641244735285,0.37511730879492045,0.12369994368199067,0.1932296366688138,0.05881717672699216,0.07431550373430562,0.015441577996656,0.02313319080380599,0.004250722870895159,0.010211462738878409,0.015439348951631569,0.01545962868982337,0.2596130447703524,0.2623282932342657,-0.034569359628763424,0.11384859284957984,-0.1410431532807262,0.3032621246485261,-0.091649291996648,0.2157809557269368,0.06751580318326224,0.08094082407760594,0.0647048185402902,0.0747158761233739,0.006150097481234906,0.00717195107983194,0.005150210924559626,0.007392553024630473,0.015486753580144435,0.018746219968373844,0.04429216535487533,0.04429216535487533,0.02429756209044929,0.02429756209044929,0.04168210801844297,0.04168210801844297,0.0,0.0,0.0,0.0
4.924150462076651E-4,0.006173467314769667,-0.019572000546374195,0.031739201390471865,0.0029084878085058104,0.027768418131004773,-0.07041237303709813,0.09630612488217133,0.041186396890835475,0.04245471696254418,-0.07286045421906864,0.10277775509249712,0.015623545976589987,0.017704221981818657,-0.033060988406914855,0.04031104783429307,0.0042595861721661556,0.010244894106682416,-0.0011648904754196585,0.008770414127479132,0.1297615778604794,0.15070538585948834,0.16129273129698213,0.17280336438399477,-0.029047788588795632,0.10913610387431803,0.36434667051924874,0.3759228072521512,0.007099039124699378,0.03873374810375076,0.06134734344645127,0.10388377949378387,0.007454274302787116,0.013377986006941298,3.015692911462974E-5,0.009706869200302806,0.22647207958405444,0.24190995320011827,-0.14854340162693638,0.16103131805698487,-0.011992432509609317,0.22815086024628187,-0.32704979800155354,0.4376822338456675,0.017384909925759622,0.06928465351672417,-0.054786215133825776,0.210067100455203,-5.3775089088822026E-5,0.0024390746100467742,-8.670388517262555E-4,0.003264925345097986,0.004144551697085936,0.013839186408561474,0.001442933272340682,0.007895037455441248,0.007329663709136369,0.013016720501245414,-0.016231255716086603,0.02031133514780609,0.004115701615876419,0.006373408304902766,-0.0024708629792109093,0.0036431670997463385
0.003953105064092285,0.004061730258506345,-0.0037311442316078766,0.004425503806446083,0.011569680404072228,0.03350871789780034,-0.022266168912550247,0.02892263145643348,0.12049540051222055,0.12170227337854395,0.05170950747105497,0.05543437254556756,-8.282941471347021E-4,0.0029514034785838635,0.0018628266916164526,0.003366266151049232,0.006289425030431986,0.009393180727452806,0.0015725813431643517,0.005014554477967204,0.2890103575754437,0.29474284989139116,0.14934862106022048,0.15256467914660543,0.1983619209477847,0.23087240542793538,0.16893073719481796,0.17880462938316896,-0.003403252515174801,0.008644155458145326,0.008211667538515616,0.008700332833818455,0.012672528585826957,0.013085076864015544,0.00906970036136201,0.010059346955242658,0.29387122924522807,0.31036940656841633,0.0055419286804679665,0.22129000616959935,0.09776039635358993,0.1170970732299679,-0.3348470819577075,0.4172917461196924,-5.984770440710781E-4,5.984770440710781E-4,0.004291972915918654,0.004291972915918654,0.020635960236208443,0.020647185745653017,0.030509733671813772,0.030509733671813772,0.008993313250590348,0.07296744443360872,0.12107233385425113,0.12120856725475256,-0.03650404216470171,0.03903280371475219,0.0728121283353332,0.0729836742422168,0.0,0.0,0.0,0.0
-0.0018806249372349529,0.009060225161046626,0.003603659884192995,0.006561193049546128,-0.010120203659272036,0.015131010116526976,0.010920684863966384,0.02091090274264713,-0.006220611058484538,0.007543282656115036,0.01792077967116817,0.018340837245956195,0.0028514540254540605,0.0046809035504343345,0.00835668536121163,0.00835668536121163,0.014564048819124693,0.03159336994173361,0.010537209823816453,0.015824452444798468,0.06234201047705601,0.1256564854541025,0.24012610864122785,0.24012610864122785,-0.03752277620957789,0.05572050608394986,0.44327606119746094,0.44327606119746094,0.0012054027342513994,0.039404157021128025,0.08790380314076923,0.12365815917694387,0.018131668271775925,0.04217072371716388,-0.018664847143635095,0.020043579720120545,0.15797118796934456,0.16042578283217007,-0.19480418759601553,0.19480418759601553,-0.07445740663881092,0.08881981148857744,-0.36592303313108604,0.36592303313108604,-0.054473256227715386,0.054473256227715386,-0.09177858164088444,0.09177858164088444,-0.0027607418138932915,0.0092101590214534,-0.0015738672289854114,0.0031014642746760622,0.00492492181403533,0.010880900408949151,-0.0351372741882861,0.0351372741882861,-0.013278081485762585,0.015502791203589513,-0.03627152077711789,0.03627152077711789,-0.0044371241905288485,0.004629449851120343,-0.00840343925319489,0.00840343925319489
0.004914291170932432,0.005601269092575051,0.009944039351066303,0.010192228698388739,0.01624648783066719,0.017259981894788088,0.04936305284658053,0.051958489466311056,1.0300267525794411E-5,0.015180968050141446,0.059998140518739224,0.059998140518739224,-0.0018891227924941393,0.003986866805665711,0.019178625568635952,0.021675141577961434,0.03144722704699623,0.04943698861444385,-7.203214272267268E-4,0.03290054011392493,-0.059501262014418944,0.2450192841316881,-0.15555755106898794,0.2585320017318372,0.2217920512308181,0.24761963401303783,-0.11717688784000282,0.2169927752092357,-0.005536641928356839,0.027699386598776396,0.009287065121773784,0.050576050464585375,0.02697781036473741,0.05925154637557823,-0.020706152617657764,0.09391524826258156,-0.07299389743168268,0.19526229880526827,0.17124028492848872,0.38611034647899306,0.20127269672509715,0.27994637003262807,0.09222496914537573,0.42215838360302516,-0.11892606447593547,0.14122574564828824,-0.06929323323280111,0.10544111891381719,-0.0050771787613892285,0.02085028820093807,0.01744110758228417,0.02334835957104438,0.027795200896839352,0.06397503565807736,-0.049026182947388926,0.14607771786937787,0.0059901607828299714,0.045174237298780805,-0.014341122632210084,0.16087406998586046,-0.005235207213146559,0.013924967865902962,0.0084787105825339,0.05030949513661168
-0.017475546595167406,0.019794410635901226,-0.01183861809243635,0.02040620992678762,0.015546068448230692,0.1321254859812491,0.011262104148325722,0.04136273747580025,-0.01796903973161689,0.08324947966048293,-0.026072519810602438,0.05584000967374098,0.01429293151304602,0.025105503929920583,0.010523901616152775,0.018675989934262196,-0.01836141116001251,0.059146226028843174,-0.007819158538609577,0.03409180614566342,0.13153404863698415,0.46752887269917526,0.04830276228212641,0.11072752907250463,-0.12514614204616545,0.4126928806114843,0.2160702637834531,0.25448448180617517,0.02132035796565464,0.04837047031146622,0.02914359547317109,0.06920119575191165,0.053480186985329,0.09802243437434134,0.025811708417378728,0.04842356202208813,-0.0026389675110860015,0.41833993459804925,-0.053771775533483376,0.10365245172166683,0.08075884002195578,0.14008617270455642,-0.18350017609291142,0.3225910124361138,-0.011706453868352677,0.02531478777131142,0.011600988197682256,0.018438474203254507,0.023576458623809037,0.03908496362093535,-0.002209874297612916,0.004268144276818735,-0.08296721657809188,0.10631767590518634,-0.013270228959500377,0.020020944959554837,0.06813694141722856,0.08645259277467493,-0.02695930909298754,0.043395000092697984,-0.0029319894323934347,0.012404814894853254,-0.01253062684895924,0.0169298858524939
0.01574017652140379,0.04287462481946223,-0.022136447313706006,0.02560016089252218,0.013525701489859668,0.13548740292435268,-0.08548250814177275,0.11026004196993995,-0.0013449370138284907,0.16591989711671754,-0.025535991350638925,0.09373958321322938,-0.022778352722683116,0.033624644913795125,0.006972783199852604,0.0267101863800086,-0.006828404703387836,0.017220005768163092,-0.01487181261010122,0.015327805386708106,0.1759620316372652,0.18785018658866293,0.042913211703504796,0.08023978084496132,0.019387282441504696,0.30453413453600137,0.10641991566237317,0.3744085183526984,-0.047988615195460535,0.13451831312643747,0.021589482674201903,0.11081789363305035,-0.0034582455360105784,0.00510317044844511,5.5072056858011365E-5,0.005974215189419787,0.2742915630235035,0.27944727958416665,-0.04050682944131056,0.07150383266730093,-0.04562656252305035,0.44843126666516914,-0.16229419769955972,0.3107994604259792,-0.024047382010221947,0.20453269606601812,-0.041291142822684514,0.06110007838749054,0.002634506895877948,0.004204517812107347,0.002634814567451063,0.02393031995321976,0.005474906810669038,0.00835801580367005,0.01491212062228889,0.10139346430155972,0.002184473830041948,0.011351381154517231,0.01614166559036575,0.13367811496416168,0.0021185105790598184,0.005750316629147287,0.004883544608806607,0.05137674110186032
-0.0012061163226905834,0.003468022652005117,0.0025484862044292994,0.004043958545984844,-0.07167479681176321,0.07380551558980268,-0.06398995345446566,0.06697654574902334,-0.019555139273838035,0.01979189500844665,-0.011409339625193676,0.015459737720196518,-0.0014652330177978717,0.0021439650141097193,0.0013248909037559,0.002060421494025162,-0.08163101249144145,0.08308394187616626,-0.06418637469488787,0.06923672921256777,0.018537396269179413,0.16062868147283887,0.1382334620643562,0.2441498698691214,0.08367316716959745,0.1370152058087271,0.36734664435557396,0.368234465167369,0.008103467842285323,0.023279531987214993,0.10046135266410364,0.1109075532641508,0.0012211615331230044,0.04742379840059971,-0.001344586546417781,0.04225454586384557,0.10860121318772907,0.23857381464803942,-0.12963831810177368,0.3202333391347428,-0.03450316175897173,0.06418218973055771,-0.34862979673069006,0.4005368583304011,0.01898088122627187,0.025531527463872924,-0.10840858769402421,0.13280317252265642,-0.0020142121676196487,0.017133496011680096,-0.0013896318301157375,0.015542529432181441,0.0074487864831959535,0.06006461613141588,0.017186392958947787,0.07740184901829625,-0.019309838184880912,0.05415093920224659,0.03920191613423681,0.08721615246395245,-0.005253323120471351,0.00756601931904943,0.008317387178820012,0.010120708391660214
0.0034799435092487427,0.004824838366526534,0.0063386453950815096,0.00739497096685724,0.010402171836799038,0.013031046096758201,0.05577204528521966,0.056534463816852155,-9.013311729783324E-4,0.010718882175464324,0.06988642323544636,0.07221291325215935,0.004672910690980191,0.009254176075185699,0.006379532258004646,0.022228623334315585,0.047147668129823565,0.05429050169831769,0.004503978586963591,0.0301571675551055,-0.004713117997038478,0.22733562548560254,-0.08866466717778305,0.20077917135769804,0.16337230300247532,0.22107706324768844,-0.06544872369177762,0.2184952651596096,-0.0137867481173905,0.02319750401309111,0.05524606037597117,0.06082247202562896,0.026299802765631812,0.0589191879101564,-0.018901039209076896,0.06899103211467197,-0.060169457423440716,0.24290000330517253,0.11849843637753779,0.39210151778719005,0.17596383307214633,0.36338784451216166,0.03320149163142328,0.47615839868728504,-0.06889400792809101,0.0982005291448849,-0.10447075613607074,0.13577044721769813,-0.01510813090843106,0.0402590131859316,0.03169315033697566,0.03784145998315215,0.022950088028218334,0.06636793526349945,-0.0327838971763315,0.12712445998255456,0.006879666951596205,0.06581082482317445,-0.00875799901414028,0.18177582744669374,-0.01040045951092094,0.018496556641724893,0.01645301355030659,0.04943551425801152
0.025663710526279113,0.03188792132784131,-0.017599408300498057,0.029609939762533267,-0.05217598312304948,0.08395816072561618,0.05212618866658875,0.06365706429479179,0.04862146369051949,0.10067518463295146,-0.004075578883774567,0.09180967906419575,-0.017640974040395108,0.052625962915352695,0.008147452548476571,0.03188960032597038,-0.019859385985599894,0.11585228509673616,0.02871264332164251,0.08427334297492242,-0.047154264006612115,0.2908810095067445,-0.06876838760821123,0.356245502042026,0.1321093011846912,0.3205174872469004,0.06895961959254288,0.30590668621234424,-0.034391269996433216,0.10018819541918564,0.027913686255809637,0.10324634905731785,0.012613857364485438,0.0978506698416365,0.0062387296187564065,0.08835542744676066,0.04334978807200807,0.3804480485305132,-0.0063696393547067525,0.22001869463106433,-0.11046728631102964,0.3570681155942958,-0.05173892494451614,0.23867767149260727,6.370204636754047E-5,0.06857321272844408,-0.0814077969989336,0.083738582121119,0.011368492650544772,0.050313110901471086,-0.016843421870923032,0.031360921703300335,-0.04118361964395189,0.10824150509005169,0.0018647516899258133,0.04324981809992503,0.04752927656998544,0.11100328169384971,-0.006911609020998373,0.09322731975284,-0.020015848533236482,0.020301744110981186,0.00920987457400754,0.01806041885108881
-0.014542986281560696,0.03408401655956003,0.027218892804333025,0.0350289746274346,0.04660841884700445,0.09745971866538962,-0.0524423817773942,0.12377613323480018,-0.04118101086535227,0.09718209328005348,0.01080541167990015,0.11615183127122113,-0.006719601284547526,0.020158876061295055,5.212377864306144E-4,0.03841307178427548,0.053233862753141015,0.12898964394317813,-0.027244312965782738,0.07475290701910803,-0.1283859951470788,0.30135133325611346,0.05073875775220457,0.28512579881613553,0.04261809650848899,0.2986379131639526,0.0022815445393086172,0.36475221891426973,-0.007782039217317573,0.0496762377445546,-0.02073827716510509,0.10868773663023654,-0.014053017251002088,0.11581534908446948,0.017450356250094577,0.12585127768447207,0.043716208451375596,0.30391860748763755,-0.011091531383646087,0.2808269898075773,0.028826209838155863,0.28999106646684214,-0.06646642372946061,0.3662083030739242,-0.0374479482721506,0.06883504539472377,0.05587101477207937,0.10002763982700158,0.01780084779375285,0.038381761864002405,-0.01346612878177477,0.04803688411156062,-0.041533144242171804,0.09121938909745123,0.02641634074185349,0.13167302715935303,-0.03542414254633282,0.03764411196003841,-0.0046669776174798425,0.041743257908711785,0.013366717440381046,0.015033535578038701,-0.026971501403712236,0.028002211230337488
0.010399493177676526,0.01457474202430351,-0.008587366184861386,0.009007495116676202,0.04497539977870972,0.14062346664975023,-0.09444473991972958,0.12748349767432846,-0.008356702624068171,0.16308444977946598,7.510350148309751E-4,0.10952467045726974,-0.013879120915345608,0.025418204324233036,0.018684022161074097,0.03793017359026094,-0.0038806213392146957,0.007618769928390218,-0.0025757027442843286,0.005700854949878091,0.11711231794968373,0.13836975186305203,0.03842248358712449,0.07096288346401082,0.08780460311369848,0.29117388470891986,0.10158175546573607,0.3616125445673971,-0.05565134852525759,0.11007664145646574,-0.01365286081902074,0.12152047073283007,-1.0398734178326377E-4,0.013121002536871788,0.01649904260589045,0.043517934786718525,0.177035636884071,0.22521852352502586,0.06190941045645996,0.19090001123124684,0.03770085048860365,0.42067516458465504,-0.2243148677411851,0.3503575403076204,0.008099685147777752,0.16133686596234237,0.011760356513313886,0.0970174025067541,0.004236907774385886,0.018098777686664833,-0.010997434184630612,0.04011787800910119,0.019530614555090253,0.0567845633142191,-0.06271977797570248,0.18786326049894753,0.0015377890573997804,0.06272333035980646,0.022976557782062337,0.2061299856443034,0.004480588051189492,0.018920737233391636,-0.013508354858644758,0.0619207538920888
-0.005831225724384201,0.005831225724384201,-0.0016209578174609545,0.0016209578174609545,0.0545709091044266,0.15991849259410099,8.920989096549752E-4,0.014328255392039116,-0.05934732345018196,0.1003500202970884,-7.140011372952796E-4,0.03352090063708492,9.950692865072419E-4,0.01365426649269281,-0.0033850724876834286,0.028537303114598706,-0.01879090286842214,0.01879090286842214,-0.008595343981784506,0.008690459986631928,0.3323205014399083,0.3656764713283476,-0.05053758424811348,0.05946682568816964,-0.3213470575782847,0.40585920459823077,0.12936711658671132,0.18188917143454322,0.017205899124624367,0.039225036196897725,-0.02390937671570865,0.09261190251496969,-0.015053966821814284,0.015053966821814284,-0.0040284337378949,0.004727558903473853,0.2800107575806236,0.2874672549412044,-0.11500430219912036,0.11539696563850187,-0.10804389306886591,0.26609109070139964,0.05197118832297285,0.23598886964510132,-0.05173027355106263,0.053076432882059224,0.0634787403555649,0.06942574576440766,-0.004364398197424319,0.004364398197424319,-0.0014149771209990014,0.0019302703732765368,0.00411157114002272,0.008949364985378733,-0.008050484897619337,0.008716032675495294,0.08212523851593403,0.09847051569453376,-0.07570015949299075,0.09192625900022297,2.089913194455418E-4,0.015526478756538767,6.466024919080267E-4,0.03336761819139947
7.298170724057063E-4,0.0030412796547527386,-0.0022215933436257836,0.00657457806256892,-0.08163819590521416,0.08163819590521416,-0.03101384255290726,0.03429813862603898,-0.0029943119144665194,0.006269915191315944,0.00668358167557555,0.009018329686290088,0.004794088254681015,0.005351086700935046,0.021473265388645253,0.02158554649893338,-0.064772383452866,0.06726983169083123,-0.02001157865826095,0.030944619305301114,-0.03616030638750779,0.18530576446040878,0.04521048440122971,0.12830246060055508,0.17481016701577776,0.1901476933195884,0.33196718292326166,0.33196718292326166,0.012912839172627736,0.025461879255027808,0.047893329450807196,0.10436162873288972,-0.09316435529846624,0.09545877650533327,-0.029942283094515753,0.03704342532149374,0.18482691451920938,0.3267705260080174,7.750243886494953E-4,0.2985443636709845,-0.14987551167880328,0.18862821101431754,-0.31599930781693775,0.4059959399317584,-0.010768538482534706,0.016162980879157768,-0.1078472379330403,0.11135584756813918,-0.012447654830507035,0.02054318316353268,0.0019381989206596222,0.012947748263094291,-0.006235023589911292,0.05099347411708148,0.014311551862670194,0.03860368710197156,0.0034102672414762884,0.03656087413292202,0.02560475525160838,0.11012907274833404,-0.004016004350786188,0.014170371026485995,0.014932978553753576,0.03235928165767369
0.019378740582777384,0.020413855336502147,0.011096241894310039,0.021192722164737696,-0.01968878033284003,0.09192973649505645,0.04046642161623639,0.12502851459304415,0.01623615166459816,0.11217738348346856,-0.011348118474573069,0.12859701568614515,-0.006285498541922017,0.015612290194220587,0.004305746689712607,0.03755073881737522,-0.009693518405036721,0.09443885981985206,-0.023313996162438667,0.09786122278327809,-0.003211819026707637,0.26813538080461174,-0.11991972576664756,0.40137463832173076,0.061721680274282806,0.32189398940299974,-0.06564123683298348,0.399756325630139,-0.019373576846022332,0.06479254128458428,0.03874970435385828,0.15608664366168443,-0.03530426654496283,0.0589028610644763,0.020921641832253042,0.029414638738620387,-0.035232700154850194,0.25167367449003475,0.06243141384702992,0.21494300811997116,0.2019970325361567,0.28541923862386037,0.0835549458645302,0.30840528377443427,-0.06180403206131172,0.06180403206131172,-0.05024754071793995,0.059361673070457366,-0.027973211067142387,0.028490815035020815,0.0115765435580086,0.012238042687067921,0.002803916553533647,0.028866233361620867,-0.04521696805073473,0.05240966335688907,0.024305643620110236,0.04230730792296419,-0.017110487293969984,0.0438787153043708,0.004346583574292812,0.011695532538241333,0.027738531710796852,0.03193356449673339
-6.9720202901642E-4,6.9720202901642E-4,-0.0021400381095648333,0.0021400381095648333,-0.004143980351767862,0.009418599583633464,-0.01781977769254197,0.01781977769254197,0.04917472298853816,0.15803620534271168,0.049080827024003244,0.1327584152936165,-0.007251572082424018,0.03333698486957654,-0.012465521117837988,0.02716389261750128,-0.015917845823719166,0.027050595556703156,-0.011510593745325266,0.017058021902431456,0.2672738140987786,0.2697873997208944,0.05734652434830181,0.08247129264573426,-0.15557276839173687,0.46072368756599746,-0.03978239038635261,0.14663170540164872,0.006812491756478558,0.09933164823264981,1.223532885314724E-4,0.05576084086822083,-0.004320277183115169,0.011909705908077814,-0.010523182606897618,0.01221776025335127,0.3284273754133461,0.3296866307964442,-0.06260289686897819,0.0672455965829054,-0.2505147421559043,0.3900599596813865,0.09554209380643154,0.14449288034523142,0.038768773872169586,0.07827333699504274,-0.016554874943271184,0.046991257212751575,3.271642296433539E-4,0.0015472704096814714,-5.030045973736581E-4,0.001457200889107454,0.03819083500383299,0.03848761878048171,-0.016932470696542377,0.01991033655275418,0.053164222951560425,0.12569460508348546,-0.06264185448441167,0.10726815695372625,-0.017435627253168582,0.03053320825021478,0.025150397193055493,0.03840522404352888





















































